Year,Category,Rank,Search Term
2015,Politicians,1,Donald Trump
2015,Politicians,2,Bernie Sanders
2015,Politicians,3,Carly Fiorina
2015,Politicians,4,Ben Carson
2015,Politicians,5,Ted Cruz
2015,Politicians,6,Deez Nuts
2015,Politicians,7,John Boehner
2015,Politicians,8,Marco Rubio
2015,Politicians,9,Jimmy Carter
2015,Politicians,10,Justin Trudeau
2015,Selfies,1,Malia Obama
2015,Selfies,2,Miss Lebanon
2015,Selfies,3,Al Roker
2015,Selfies,4,Bald Eagle
2015,Selfies,5,Anna Kendrick
2015,Selfies,6,James Franco
2015,Selfies,7,Lady Gaga
2015,Selfies,8,Miley Cyrus
2015,Selfies,9,Kylie Jenner
2015,Selfies,10,Kim Kardashian
2015,Men's Soccer Players,1,Cristiano Ronaldo
2015,Men's Soccer Players,2,Lionel Messi
2015,Men's Soccer Players,3,Neymar da Silva Santos Jr
2015,Men's Soccer Players,4,Zlatan Ibrahimović
2015,Men's Soccer Players,5,Luis Suárez
2015,Men's Soccer Players,6,Gareth Bale
2015,Men's Soccer Players,7,Wayne Rooney
2015,Men's Soccer Players,8,James Rodríguez
2015,Men's Soccer Players,9,Marco Reus
2015,Men's Soccer Players,10,Eden Hazard
2015,People,1,Lamar Odom
2015,People,2,Caitlyn Jenner
2015,People,3,Ronda Rousey
2015,People,4,Donald Trump
2015,People,5,Ruby Rose
2015,People,6,Charlie Sheen
2015,People,7,Brian Williams
2015,People,8,Rachel Dolezal
2015,People,9,Adele
2015,People,10,Josh Duggar
2015,Memes,1,Pepe the Frog
2015,Memes,2,Rickrolling
2015,Memes,3,Who Knows
2015,Memes,4,Florida Man
2015,Memes,5,O Rly
2015,Memes,6,Rick Astley
2015,Memes,7,Jontron
2015,Memes,8,Ceiling Cat
2015,Memes,9,Bread
2015,Memes,10,Nothing Much
2015,Sports Teams,1,New York Mets
2015,Sports Teams,2,Toronto Blue Jays
2015,Sports Teams,3,Chicago Cubs
2015,Sports Teams,4,Golden State Warriors
2015,Sports Teams,5,Tampa Bay Lightning
2015,Sports Teams,6,Cleveland Cavaliers
2015,Sports Teams,7,Houston Astros
2015,Sports Teams,8,Atlanta Hawks
2015,Sports Teams,9,Michigan State Spartans Football
2015,Sports Teams,10,Duke Blue Devils Men's Basketball
2015,TV Shows,1,Better Call Saul
2015,TV Shows,2,Jessica Jones
2015,TV Shows,3,Fear the Walking Dead
2015,TV Shows,4,Empire
2015,TV Shows,5,American Horror Story: Hotel
2015,TV Shows,6,Game of Thrones
2015,TV Shows,7,Daredevil
2015,TV Shows,8,Scream Queens
2015,TV Shows,9,Quantico
2015,TV Shows,10,Lip Sync Battle
2015,Natural Events,1,Hurricane Patricia
2015,Natural Events,2,Hurricane Joaquin
2015,Natural Events,3,Tropical Storm Erika
2015,Natural Events,4,Tropical Storm Bill
2015,Natural Events,5,Nepal Earthquake
2015,Natural Events,6,Butte Fire
2015,Natural Events,7,Tropical Storm Danny
2015,Natural Events,8,Chile Earthquake
2015,Natural Events,9,Hurricane Ignacio
2015,Natural Events,10,Valley Fire
2015,Music Artists,1,Adele
2015,Music Artists,2,Sia
2015,Music Artists,3,Fetty Wap
2015,Music Artists,4,Eazy-E
2015,Music Artists,5,Sam Smith
2015,Music Artists,6,N.W.A.
2015,Music Artists,7,Chris Stapleton
2015,Music Artists,8,Beck
2015,Music Artists,9,Lenny Kravitz
2015,Music Artists,10,Meghan Trainor
2015,Actresses,1,Ruby Rose
2015,Actresses,2,Amy Schumer
2015,Actresses,3,Patricia Arquette
2015,Actresses,4,Rumer Willis
2015,Actresses,5,Bryce Dallas Howard
2015,Actresses,6,Alyson Stoner
2015,Actresses,7,Lily James
2015,Actresses,8,Taraji P. Henson
2015,Actresses,9,Natasha Leggero
2015,Actresses,10,Ellie Kemper
2015,Soccer Teams,1,FC Barcelona
2015,Soccer Teams,2,Orlando City Soccer
2015,Soccer Teams,3,Arsenal FC
2015,Soccer Teams,4,Manchester United FC
2015,Soccer Teams,5,Chelsea FC
2015,Soccer Teams,6,Real Madrid CF
2015,Soccer Teams,7,Boca Juniors
2015,Soccer Teams,8,Corinthians
2015,Soccer Teams,9,Chivas
2015,Soccer Teams,10,AC Milan
2015,Celebrity Pregnancies,1,Kim Kardashian
2015,Celebrity Pregnancies,2,Nicole Curtis
2015,Celebrity Pregnancies,3,Bristol Palin
2015,Celebrity Pregnancies,4,Jessa Duggar
2015,Celebrity Pregnancies,5,Tiffani Thiessen
2015,Celebrity Pregnancies,6,Teyana Taylor
2015,Celebrity Pregnancies,7,Zooey Deschanel
2015,Celebrity Pregnancies,8,Ginger Zee
2015,Celebrity Pregnancies,9,Coco Austin
2015,Celebrity Pregnancies,10,Maci Bookout
2015,Actors,1,Charlie Sheen
2015,Actors,2,Bill Cosby
2015,Actors,3,Taylor Kinney
2015,Actors,4,Scott Eastwood
2015,Actors,5,James Earl Jones
2015,Actors,6,Tom Holland
2015,Actors,7,Eddie Redmayne
2015,Actors,8,Gary Busey
2015,Actors,9,Randy Quaid
2015,Actors,10,Tracy Morgan
2015,GIF,1,Just Do It
2015,GIF,2,John Cena
2015,GIF,3,Drake
2015,GIF,4,That's Racist
2015,GIF,5,Rihanna
2015,GIF,6,Football
2015,GIF,7,How Rude
2015,GIF,8,Good Morning
2015,GIF,9,Kayne
2015,GIF,10,Happy Birthday
2015,Athletes,1,Ronda Rousey
2015,Athletes,2,Holly Holm
2015,Athletes,3,Stephen Curry
2015,Athletes,4,Manny Pacquiao
2015,Athletes,5,Alex Morgan
2015,Athletes,6,Hope Solo
2015,Athletes,7,Patrick Kane
2015,Athletes,8,DeMarco Murray
2015,Athletes,9,Greg Hardy
2015,Athletes,10,Shawn Oakman
2015,Diets,1,20/20 Diet
2015,Diets,2,Carb Cycle Diet
2015,Diets,3,Paleo Diet
2015,Diets,4,GM Diet Plan
2015,Diets,5,Military Diet Plan
2015,Diets,6,Atkins Induction Diet
2015,Diets,7,7 Day Soup Diet
2015,Diets,8,500 Calorie Diet
2015,Diets,9,Zero Carb Diet
2015,Diets,10,Yes You Can Diet Plan
2015,Women's Soccer Players,1,Alex Morgan
2015,Women's Soccer Players,2,Hope Solo
2015,Women's Soccer Players,3,Carli Lloyd
2015,Women's Soccer Players,4,Abby Wambach
2015,Women's Soccer Players,5,Megan Rapinoe
2015,Women's Soccer Players,6,Ali Krieger
2015,Women's Soccer Players,7,Julie Johnson
2015,Women's Soccer Players,8,Christen Press
2015,Women's Soccer Players,9,Tobin Heath
2015,Women's Soccer Players,10,Louisa Necib
2015,MLB Teams,1,New York Mets
2015,MLB Teams,2,Toronto Blue Jays
2015,MLB Teams,3,Chicago Cubs
2015,MLB Teams,4,Houston Astros
2015,MLB Teams,5,Kansas City Royals
2015,MLB Teams,6,Texas Rangers
2015,MLB Teams,7,Minnesota Twins
2015,MLB Teams,8,Pittsburgh Pirates
2015,MLB Teams,9,San Diego Padres
2015,MLB Teams,10,Arizona Diamondbacks
2015,Workouts and Exercises,1,Yoga with Adriene
2015,Workouts and Exercises,2,Yoga Challenge
2015,Workouts and Exercises,3,21 Day Fix
2015,Workouts and Exercises,4,Crossfit
2015,Workouts and Exercises,5,Team Beachbody
2015,Workouts and Exercises,6,Back Workouts
2015,Workouts and Exercises,7,Orangetheory Fitness
2015,Workouts and Exercises,8,Kettlebell
2015,Workouts and Exercises,9,Yoga for Kids
2015,Workouts and Exercises,10,Asana Yoga
2015,Losses,1,Bobbi Kristina Brown
2015,Losses,2,Stuart Scott
2015,Losses,3,Sandra Bland
2015,Losses,4,Freddie Gray
2015,Losses,5,Frank Gifford
2015,Losses,6,Leonard Nimoy
2015,Losses,7,Scott Weiland
2015,Losses,8,B.B. King
2015,Losses,9,Christopher Lee
2015,Losses,10,Amanda Peterson
2015,Video Games,1,Agar.io
2015,Video Games,2,Fallout 4
2015,Video Games,3,Mortal Kombat X
2015,Video Games,4,Call of Duty: Black Ops III
2015,Video Games,5,Star Wars Battlefront
2015,Video Games,6,Pokemon GO
2015,Video Games,7,Madden 16
2015,Video Games,8,NBA 2K16
2015,Video Games,9,Bloodborne
2015,Video Games,10,Battlefield Hardline
2015,NBA Players,1,Stephen Curry
2015,NBA Players,2,DeAndre Jordan
2015,NBA Players,3,LaMarcus Aldridge
2015,NBA Players,4,Zach Lavine
2015,NBA Players,5,Andre Iguodala
2015,NBA Players,6,Matthew Dellavedova
2015,NBA Players,7,Draymond Green
2015,NBA Players,8,Jahlil Okafor
2015,NBA Players,9,David West
2015,NBA Players,10,Kristaps Porzingis
2015,NBA Teams,1,Golden State Warriors
2015,NBA Teams,2,Cleveland Cavaliers
2015,NBA Teams,3,Atlanta Hawks
2015,NBA Teams,4,Houston Rockets
2015,NBA Teams,5,Milwaukee Bucks
2015,NBA Teams,6,Chicago Bulls
2015,NBA Teams,7,New Orleans Pelicans
2015,NBA Teams,8,Minnesota Timberwolves
2015,NBA Teams,9,Memphis Grizzlies
2015,NBA Teams,10,Detroit Pistons
2015,Searches,1,Lamar Odom
2015,Searches,2,Jurassic World
2015,Searches,3,American Sniper
2015,Searches,4,Caitlyn Jenner
2015,Searches,5,Ronda Rousey
2015,Searches,6,Paris
2015,Searches,7,Agar.io
2015,Searches,8,Chris Kyle
2015,Searches,9,Fallout 4
2015,Searches,10,Straight Outta Compton
2015,NFL Players,1,DeMarco Murray
2015,NFL Players,2,Greg Hardy
2015,NFL Players,3,Julian Edelman
2015,NFL Players,4,Kam Chancellor
2015,NFL Players,5,Adrian Peterson
2015,NFL Players,6,Dez Bryant
2015,NFL Players,7,Jordy Nelson
2015,NFL Players,8,Geno Smith
2015,NFL Players,9,Marcus Mariota
2015,NFL Players,10,Rob Gronkowski
2015,Oscar Red Carpet Dresses,1,Lupita Nyong'o
2015,Oscar Red Carpet Dresses,2,Jennifer Lopez
2015,Oscar Red Carpet Dresses,3,Gwyneth Paltrow
2015,Oscar Red Carpet Dresses,4,Cate Blanchett
2015,Oscar Red Carpet Dresses,5,Dakota Johnson
2015,Oscar Red Carpet Dresses,6,Rosamund Pike
2015,Oscar Red Carpet Dresses,7,Melanie Griffith
2015,Oscar Red Carpet Dresses,8,Lady Gaga
2015,Oscar Red Carpet Dresses,9,Scarlett Johansson
2015,Oscar Red Carpet Dresses,10,Reese Witherspoon
2015,NFL Teams,1,New England Patriots
2015,NFL Teams,2,Carolina Panthers
2015,NFL Teams,3,Green Bay Packers
2015,NFL Teams,4,Indianapolis Colts
2015,NFL Teams,5,Tennessee Titans
2015,NFL Teams,6,Buffalo Bills
2015,NFL Teams,7,Dallas Cowboys
2015,NFL Teams,8,Baltimore Ravens
2015,NFL Teams,9,Minnesota Vikings
2015,NFL Teams,10,Atlanta Falcons
2015,Beer,1,Bud Light Mixxtail
2015,Beer,2,Gose beer
2015,Beer,3,Grapefruit beer
2015,Beer,4,805 beer
2015,Beer,5,SweetWater 420
2015,Beer,6,Blue Moon
2015,Beer,7,Abita Purple Haze
2015,Beer,8,Wild Blue beer
2015,Beer,9,Skol
2015,Beer,10,Miller High Life
2015,Cocktails,1,Sangria
2015,Cocktails,2,Moscow Mule
2015,Cocktails,3,Gimlet
2015,Cocktails,4,Cosmopolitan
2015,Cocktails,5,Long Island Iced Tea
2015,Cocktails,6,Margarita
2015,Cocktails,7,Mojito
2015,Cocktails,8,Aviation
2015,Cocktails,9,Sex on the Beach
2015,Cocktails,10,Daiquiri
2015,Movies,1,Jurassic World
2015,Movies,2,American Sniper
2015,Movies,3,Straight Outta Compton
2015,Movies,4,50 Shades of Grey
2015,Movies,5,Furious 7
2015,Movies,6,Pitch Perfect 2
2015,Movies,7,Inside Out
2015,Movies,8,Avengers Age of Ultron
2015,Movies,9,Minions
2015,Movies,10,Mad Max
2015,Song Lyrics,1,Hello
2015,Song Lyrics,2,Take Me to Church
2015,Song Lyrics,3,Blank Space
2015,Song Lyrics,4,Uptown Funk
2015,Song Lyrics,5,Thinking Out Loud
2015,Song Lyrics,6,Hotline Bling
2015,Song Lyrics,7,See You Again
2015,Song Lyrics,8,Trap Queen
2015,Song Lyrics,9,The Hills
2015,Song Lyrics,10,Cheerleader
2015,Symptoms,1,Flu
2015,Symptoms,2,Gallbladder Infection
2015,Symptoms,3,Measles
2015,Symptoms,4,Listeria
2015,Symptoms,5,Sinus Infection
2015,Symptoms,6,Gastritis
2015,Symptoms,7,Anxiety Attack
2015,Symptoms,8,H. Pylori Infection
2015,Symptoms,9,Heat stroke
2015,Symptoms,10,Lactose Intolerance
2015,Recipes,1,Pumpkin Seed Recipes
2015,Recipes,2,Sweet Potato Fries Recipe
2015,Recipes,3,Philly Cheese Steak Recipe
2015,Recipes,4,Chicken Recipes
2015,Recipes,5,Apple Pie Recipe
2015,Recipes,6,Brownie Recipe
2015,Recipes,7,Pesto Recipe
2015,Recipes,8,Pancake Recipe
2015,Recipes,9,Cabbage Recipes
2015,Recipes,10,Chili Recipe
2015,MLB Players,1,Jake Arrieta
2015,MLB Players,2,Chase Utley
2015,MLB Players,3,Matt Harvey
2015,MLB Players,4,Ben Zobrist
2015,MLB Players,5,Bartolo Colon
2015,MLB Players,6,Zack Greinke
2015,MLB Players,7,Josh Hamilton
2015,MLB Players,8,Cole Hamels
2015,MLB Players,9,David Wright
2015,MLB Players,10,James Shields
2016,Diets,1,GOLO Diet
2016,Diets,2,Taco Diet
2016,Diets,3,Military Diet Substitutes
2016,Diets,4,Atkins 40
2016,Diets,5,Ketogenic Diet Foods
2016,Diets,6,Dissociated Diet
2016,Diets,7,The Wild Diet
2016,Diets,8,Pizza Diet
2016,Diets,9,Dukan Diet Results
2016,Diets,10,Mono Diet
2016,NHL Teams,1,Pittsburgh Penguins
2016,NHL Teams,2,San Jose Sharks
2016,NHL Teams,3,St. Louis Blues
2016,NHL Teams,4,Dallas Stars
2016,NHL Teams,5,Toronto Maple Leafs
2016,NHL Teams,6,Philadelphia Flyers
2016,NHL Teams,7,Edmonton Oilers
2016,NHL Teams,8,Washington Capitals
2016,NHL Teams,9,Nashville Predators
2016,NHL Teams,10,Florida Panthers
2016,Natural Events,1,Hurricane Matthew
2016,Natural Events,2,Hurricane Hermine
2016,Natural Events,3,Italy Earthquake
2016,Natural Events,4,Great Barrier Reef
2016,Natural Events,5,Japan Earthquake
2016,Natural Events,6,Houston Flooding
2016,Natural Events,7,California Earthquake
2016,Natural Events,8,Black Moon
2016,Natural Events,9,Orionid Meteor Shower
2016,Natural Events,10,San Diego Earthquake
2016,Olympic Athletes,1,Michael Phelps
2016,Olympic Athletes,2,Ryan Lochte
2016,Olympic Athletes,3,Simone Biles
2016,Olympic Athletes,4,Usain Bolt
2016,Olympic Athletes,5,Aly Raisman
2016,Olympic Athletes,6,Gabby Douglas
2016,Olympic Athletes,7,Katie Ledecky
2016,Olympic Athletes,8,Hope Solo
2016,Olympic Athletes,9,Laurie Hernandez
2016,Olympic Athletes,10,Missy Franklin
2016,Fashion Designers,1,Rachel Roy
2016,Fashion Designers,2,Mary Kate and Ashley Olsen
2016,Fashion Designers,3,Angela Simmons
2016,Fashion Designers,4,Zendaya
2016,Fashion Designers,5,Kendall and Kylie
2016,Fashion Designers,6,Beyoncé
2016,Fashion Designers,7,Anita Dongre
2016,Fashion Designers,8,Sonia Rykiel
2016,Fashion Designers,9,Ivanka Trump
2016,Fashion Designers,10,Kanye West
2016,Workouts and Exercises,1,Cize workout
2016,Workouts and Exercises,2,Rotator cuff exercises
2016,Workouts and Exercises,3,8 minute back workout
2016,Workouts and Exercises,4,Steve Reeves workout
2016,Workouts and Exercises,5,Triceps workout
2016,Workouts and Exercises,6,Leg exercises
2016,Workouts and Exercises,7,Shoulder exercises
2016,Workouts and Exercises,8,Ab workout
2016,Workouts and Exercises,9,Ectomorph workout
2016,Workouts and Exercises,10,Forearm workout
2016,Cocktails,1,Sangria
2016,Cocktails,2,Martini
2016,Cocktails,3,StrawberryDaiquiri
2016,Cocktails,4,Sex on the Beach
2016,Cocktails,5,Mojito
2016,Cocktails,6,Old Fashioned
2016,Cocktails,7,Hot Toddy
2016,Cocktails,8,Rusty Nail Drink
2016,Cocktails,9,Mimosa
2016,Cocktails,10,White Russian Cocktail
2016,NHL Players,1,Sidney Crosby
2016,NHL Players,2,Jaromír Jágr
2016,NHL Players,3,Steven Stamkos
2016,NHL Players,4,Phil Kessel
2016,NHL Players,5,Zdeno Chára
2016,NHL Players,6,P. K. Subban
2016,NHL Players,7,Auston Matthews
2016,NHL Players,8,T. J. Oshie
2016,NHL Players,9,Ben Bishop
2016,NHL Players,10,Duncan Keith
2016,Beer,1,Budweiser America
2016,Beer,2,Coors
2016,Beer,3,Treehouse Brewing
2016,Beer,4,Delirium Tremens Beer
2016,Beer,5,Snake Venom Beer
2016,Beer,6,Trillium Brewery
2016,Beer,7,India Pale Ale
2016,Beer,8,Tired Hands Brewing
2016,Beer,9,Goose Island
2016,Beer,10,Maui Brewing Company
2016,Songs,1,Formation
2016,Songs,2,Purple Rain
2016,Songs,3,Black Beatles
2016,Songs,4,Panda
2016,Songs,5,One Dance
2016,Songs,6,Cake by the Ocean
2016,Songs,7,Hello
2016,Songs,8,Lost Boy
2016,Songs,9,The Sound of Silence
2016,Songs,10,I Took a Pill in Ibiza
2016,Actors,1,Brad Pitt
2016,Actors,2,Tom Hiddleston
2016,Actors,3,Adam Driver
2016,Actors,4,Jesse Williams
2016,Actors,5,Tom Holland
2016,Actors,6,Jeffrey Dean Morgan
2016,Actors,7,Thomas Gibson
2016,Actors,8,Sebastian Stan
2016,Actors,9,Taylor Lautner
2016,Actors,10,Lin-Manuel Miranda
2016,People,1,Donald Trump
2016,People,2,Hillary Clinton
2016,People,3,Michael Phelps
2016,People,4,Bernie Sanders
2016,People,5,Steven Avery
2016,People,6,Ryan Lochte
2016,People,7,Simone Biles
2016,People,8,Cam Newton
2016,People,9,Usain Bolt
2016,People,10,Kevin Durant
2016,MLB Teams,1,Chicago Cubs
2016,MLB Teams,2,Cleveland Indians
2016,MLB Teams,3,Boston Red Sox
2016,MLB Teams,4,Los Angeles Dodgers
2016,MLB Teams,5,San Francisco Giants
2016,MLB Teams,6,Washington Nationals
2016,MLB Teams,7,Detroit Tigers
2016,MLB Teams,8,Texas Rangers
2016,MLB Teams,9,Baltimore Orioles
2016,MLB Teams,10,Seattle Mariners
2016,NBA Teams,1,Oklahoma City Thunder
2016,NBA Teams,2,Golden State Warriors
2016,NBA Teams,3,Cleveland Cavaliers
2016,NBA Teams,4,Los Angeles Lakers
2016,NBA Teams,5,Toronto Raptors
2016,NBA Teams,6,San Antonio Spurs
2016,NBA Teams,7,New York Knicks
2016,NBA Teams,8,Miami Heat
2016,NBA Teams,9,Boston Celtics
2016,NBA Teams,10,Philadelphia 76ers
2016,GIFs,1,Puppy Monkey Baby
2016,GIFs,2,Bautista Bat Flip
2016,GIFs,3,Dat Boi
2016,GIFs,4,Just Do It
2016,GIFs,5,Dancing Kid
2016,GIFs,6,Donald Trump
2016,GIFs,7,Good For You
2016,GIFs,8,Jungle Book
2016,GIFs,9,Suh Dude
2016,GIFs,10,Pride and Prejudice
2016,NBA Players,1,Kevin Durant
2016,NBA Players,2,Steven Adams
2016,NBA Players,3,Draymond Green
2016,NBA Players,4,Dwight Howard
2016,NBA Players,5,Dwyane Wade
2016,NBA Players,6,Brandon Ingram
2016,NBA Players,7,Buddy Hield
2016,NBA Players,8,Ben Simmons
2016,NBA Players,9,Al Horford
2016,NBA Players,10,Joakim Noah
2016,Actresses,1,Meghan Markle
2016,Actresses,2,Marion Cotillard
2016,Actresses,3,Jodie Sweetin
2016,Actresses,4,Daisy Ridley
2016,Actresses,5,Brie Larson
2016,Actresses,6,Jenna Dewan Tatum
2016,Actresses,7,Leslie Jones
2016,Actresses,8,Kate McKinnon
2016,Actresses,9,Alicia Vikander
2016,Actresses,10,Millie Bobby Brown
2016,TV Shows,1,Stranger Things
2016,TV Shows,2,Making a Murderer
2016,TV Shows,3,Fuller House
2016,TV Shows,4,Westworld
2016,TV Shows,5,The People v. O.J. Simpson: American Crime Story
2016,TV Shows,6,Game of Thrones
2016,TV Shows,7,Luke Cage
2016,TV Shows,8,American Horror Story
2016,TV Shows,9,Lip Sync Battle
2016,TV Shows,10,Dancing with the Stars
2016,Politicians,1,Donald Trump
2016,Politicians,2,Hillary Clinton
2016,Politicians,3,Bernie Sanders
2016,Politicians,4,Ted Cruz
2016,Politicians,5,Mike Pence
2016,Politicians,6,Marco Rubio
2016,Politicians,7,Gary Johnson
2016,Politicians,8,Tim Kaine
2016,Politicians,9,John Kasich
2016,Politicians,10,Merrick Garland
2016,Searches,1,Powerball
2016,Searches,2,Prince
2016,Searches,3,Hurricane Matthew
2016,Searches,4,Pokémon Go
2016,Searches,5,Slither.io
2016,Searches,6,Olympics
2016,Searches,7,David Bowie
2016,Searches,8,Trump
2016,Searches,9,Election
2016,Searches,10,Hillary Clinton
2016,MLB Players,1,Kris Bryant
2016,MLB Players,2,Anthony Rizzo
2016,MLB Players,3,David Ross
2016,MLB Players,4,Curt Schilling
2016,MLB Players,5,Aroldis Chapman
2016,MLB Players,6,Coco Crisp
2016,MLB Players,7,Addison Russell
2016,MLB Players,8,Jake Arrieta
2016,MLB Players,9,Adam Laroche
2016,MLB Players,10,Trevor Story
2016,Selfies,1,Kim Kardashian
2016,Selfies,2,Sharon Osbourne
2016,Selfies,3,Usher
2016,Selfies,4,Sebastian Stan
2016,Selfies,5,Donald Trump
2016,Selfies,6,Justin Timberlake
2016,Selfies,7,Jared Leto
2016,Selfies,8,Coco Austin
2016,Selfies,9,James Franco
2016,Selfies,10,Katy Perry
2016,Sports Teams,1,Chicago Cubs
2016,Sports Teams,2,Cleveland Indians
2016,Sports Teams,3,Pittsburgh Penguins
2016,Sports Teams,4,Oklahoma City Thunder
2016,Sports Teams,5,Carolina Panthers
2016,Sports Teams,6,Denver Broncos
2016,Sports Teams,7,San Jose Sharks
2016,Sports Teams,8,St. Louis Blues
2016,Sports Teams,9,Dallas Stars
2016,Sports Teams,10,Los Angeles Rams
2016,Video Games,1,Slither.io
2016,Video Games,2,Agar.io
2016,Video Games,3,Overwatch
2016,Video Games,4,Battlefield 1
2016,Video Games,5,Warcraft
2016,Video Games,6,Dark Souls 3
2016,Video Games,7,Blade and Soul
2016,Video Games,8,Madden 17
2016,Video Games,9,No Mans Sky
2016,Video Games,10,Call of Duty Infinite Warfare
2016,Election Moments,1,Super Tuesday
2016,Election Moments,2,Primary Election Results
2016,Election Moments,3,Iowa Caucus
2016,Election Moments,4,Popular Vote
2016,Election Moments,5,New Hampshire Primary
2016,Election Moments,6,Republican Debate
2016,Election Moments,7,South Carolina Primary
2016,Election Moments,8,California Primary
2016,Election Moments,9,New York Primary
2016,Election Moments,10,Nevada Caucus
2016,Recipes,1,Green Bean Casserole
2016,Recipes,2,Brussel Sprouts
2016,Recipes,3,Hashbrown Casserole
2016,Recipes,4,Guacamole
2016,Recipes,5,Chicken Marsala
2016,Recipes,6,Chicken Tetrazzini
2016,Recipes,7,Snow Cream
2016,Recipes,8,Buttercream Frosting
2016,Recipes,9,Pork Chops
2016,Recipes,10,Turkey Gravy
2016,NFL Players,1,Cam Newton
2016,NFL Players,2,Colin Kaepernick
2016,NFL Players,3,Dak Prescott
2016,NFL Players,4,Carson Wentz
2016,NFL Players,5,Laremy Tunsil
2016,NFL Players,6,Joey Bosa
2016,NFL Players,7,Jimmy Garoppolo
2016,NFL Players,8,Josh Norman
2016,NFL Players,9,Brock Osweiler
2016,NFL Players,10,Derrick Henry
2016,Men's Soccer Players,1,Lionel Messi
2016,Men's Soccer Players,2,Neymar
2016,Men's Soccer Players,3,Zlatan Ibrahimović
2016,Men's Soccer Players,4,Raheem Sterling
2016,Men's Soccer Players,5,Paul Pogba
2016,Men's Soccer Players,6,Pepe
2016,Men's Soccer Players,7,James Rodríguez
2016,Men's Soccer Players,8,Mesut Özil
2016,Men's Soccer Players,9,Antoine Griezmann
2016,Men's Soccer Players,10,Robert Lewandowsk
2016,Calorie Searches,1,Big Mac
2016,Calorie Searches,2,Coors
2016,Calorie Searches,3,Quinoa
2016,Calorie Searches,4,Glass of Wine
2016,Calorie Searches,5,Eggplant
2016,Calorie Searches,6,Persimmon
2016,Calorie Searches,7,Boiled Egg
2016,Calorie Searches,8,Miso Soup
2016,Calorie Searches,9,Steak
2016,Calorie Searches,10,Pho
2016,NFL Teams,1,Carolina Panthers
2016,NFL Teams,2,Los Angeles Rams
2016,NFL Teams,3,Denver Broncos
2016,NFL Teams,4,Minnesota Vikings
2016,NFL Teams,5,Pittsburgh Steelers
2016,NFL Teams,6,Oakland Raiders
2016,NFL Teams,7,Washington Redskins
2016,NFL Teams,8,Houston Texans
2016,NFL Teams,9,Arizona Cardinals
2016,NFL Teams,10,Tennessee Titans
2016,Movies,1,Suicide Squad
2016,Movies,2,Batman v Superman
2016,Movies,3,Finding Dory
2016,Movies,4,The Revenant
2016,Movies,5,Zootopia
2016,Movies,6,Hacksaw Ridge
2016,Movies,7,Doctor Strange
2016,Movies,8,10 Cloverfield Lane
2016,Movies,9,Ghostbusters
2016,Movies,10,Me Before You
2016,Oscar Red Carpet Dresses,1,Jennifer Garner
2016,Oscar Red Carpet Dresses,2,Jennifer Lawrence
2016,Oscar Red Carpet Dresses,3,Charlize Theron
2016,Oscar Red Carpet Dresses,4,Rachel McAdams
2016,Oscar Red Carpet Dresses,5,Brie Larson
2016,Oscar Red Carpet Dresses,6,Alicia Vikander
2016,Oscar Red Carpet Dresses,7,Priyanka Chopra
2016,Oscar Red Carpet Dresses,8,Cate Blanchett
2016,Oscar Red Carpet Dresses,9,Kate Winslet
2016,Oscar Red Carpet Dresses,10,Olivia Wilde
2016,Soccer Teams (all),1,Tottenham Hotspur F.C.
2016,Soccer Teams (all),2,Liverpool F.C.
2016,Soccer Teams (all),3,C.D. Guadalajara
2016,Soccer Teams (all),4,Leicester City F.C.
2016,Soccer Teams (all),5,Borussia Dortmund
2016,Soccer Teams (all),6,Sevilla FC
2016,Soccer Teams (all),7,Cruz Azul
2016,Soccer Teams (all),8,Everton F.C.
2016,Soccer Teams (all),9,C.F. Monterrey
2016,Soccer Teams (all),10,A.S. Roma
2016,MLS Soccer Teams,1,Seattle Sounders FC
2016,MLS Soccer Teams,2,Toronto FC
2016,MLS Soccer Teams,3,Portland Timbers
2016,MLS Soccer Teams,4,Sporting KC
2016,MLS Soccer Teams,5,D.C. United
2016,MLS Soccer Teams,6,FC Dallas
2016,MLS Soccer Teams,7,Real Salt Lake
2016,MLS Soccer Teams,8,Houston Dynamo
2016,MLS Soccer Teams,9,Philadelphia Union
2016,MLS Soccer Teams,10,Colorado Rapids
2016,Memes,1,Harambe
2016,Memes,2,Damn Daniel
2016,Memes,3,Pokémon Go
2016,Memes,4,Dat Boi
2016,Memes,5,SpongeBob Caveman
2016,Memes,6,Michael Phelps
2016,Memes,7,Donald Trump
2016,Memes,8,Making a Murderer
2016,Memes,9,Ken Bone
2016,Memes,10,Birdman
2016,Olympic Events,1,Soccer
2016,Olympic Events,2,Basketball
2016,Olympic Events,3,Gymnastics
2016,Olympic Events,4,Tennis
2016,Olympic Events,5,Swimming
2016,Olympic Events,6,Golf
2016,Olympic Events,7,Track and Field
2016,Olympic Events,8,Boxing
2016,Olympic Events,9,Beach Volleyball
2016,Olympic Events,10,Diving
2016,Losses,1,Prince
2016,Losses,2,David Bowie
2016,Losses,3,Christina Grimmie
2016,Losses,4,Muhammad Ali
2016,Losses,5,Alan Rickman
2016,Losses,6,José Fernández
2016,Losses,7,Gene Wilder
2016,Losses,8,Kimbo Slice
2016,Losses,9,Big Ang
2016,Losses,10,Anton Yelchin
2016,Olympic Moments,1,Olympics Opening Ceremony
2016,Olympic Moments,2,Olympics Closing Ceremony
2016,Olympic Moments,3,Tonga Flag Bearer
2016,Olympic Moments,4,Olympic Bike Crash
2016,Olympic Moments,5,Olympic Refugee Team
2016,Olympic Moments,6,Olympics Green Pool
2016,Olympic Moments,7,Olympic Torch Lighting
2016,Olympic Moments,8,Triplets in Olympics
2016,Olympic Moments,9,US Disqualified 4x100
2016,Olympic Moments,10,Olympics Cupping
2016,Car Brands,1,Honda
2016,Car Brands,2,Mercedes-Benz
2016,Car Brands,3,Tesla
2016,Car Brands,4,Lamborghini
2016,Car Brands,5,Volvo
2016,Car Brands,6,Ford
2016,Car Brands,7,Jaguar
2016,Car Brands,8,Bentley
2016,Car Brands,9,Maserati
2016,Car Brands,10,Rolls-Royce
2016,Athletes,1,Michael Phelps
2016,Athletes,2,Ryan Lochte
2016,Athletes,3,Simone Biles
2016,Athletes,4,Cam Newton
2016,Athletes,5,Usain Bolt
2016,Athletes,6,Kevin Durant
2016,Athletes,7,Colin Kaepernick
2016,Athletes,8,Gabby Douglas
2016,Athletes,9,Conor McGregor
2016,Athletes,10,Katie Ledecky
2016,News,1,Olympics
2016,News,2,Election
2016,News,3,Orlando Shooting
2016,News,4,Brexit
2016,News,5,Zika Virus
2016,News,6,El Chapo
2016,News,7,Brussels
2016,News,8,Nice France
2016,News,9,Panama Papers
2016,News,10,Aleppo
2016,Musicians,1,Beyoncé
2016,Musicians,2,Céline Dion
2016,Musicians,3,Kesha
2016,Musicians,4,Kehlani
2016,Musicians,5,Coldplay
2016,Musicians,6,Teyana Taylor
2016,Musicians,7,Grace Vanderwaal
2016,Musicians,8,Kanye West
2016,Musicians,9,Jacob Sartorius
2016,Musicians,10,Guns N' Roses
2016,Consumer Tech,1,iPhone SE
2016,Consumer Tech,2,iOS 10
2016,Consumer Tech,3,Google Pixel
2016,Consumer Tech,4,Iphone 7 Plus
2016,Consumer Tech,5,Nintendo Switch
2016,Consumer Tech,6,iPhone 7
2016,Consumer Tech,7,NES Classic Edition
2016,Consumer Tech,8,Galaxy S7
2016,Consumer Tech,9,Playstation VR
2016,Consumer Tech,10,PS4 Pro
2016,WNBA Players,1,Elena Delle Donne
2016,WNBA Players,2,Breanna Stewart
2016,WNBA Players,3,Candace Parker
2016,WNBA Players,4,Diana Taurasi
2016,WNBA Players,5,Maya Moore
2016,WNBA Players,6,Sue Bird
2016,WNBA Players,7,Tamika Catchings
2016,WNBA Players,8,Glory Johnson
2016,WNBA Players,9,Kara Lawson
2016,WNBA Players,10,Swin Cash
2017,Dog Breeds,1,Golden Retriever
2017,Dog Breeds,2,Poodle
2017,Dog Breeds,3,Pembroke Welsh Corgi
2017,Dog Breeds,4,French Bulldog
2017,Dog Breeds,5,Australian Shepherd
2017,Dog Breeds,6,Beagle
2017,Dog Breeds,7,Goldendoodle
2017,Dog Breeds,8,Australian Cattle Dog
2017,Dog Breeds,9,Shiba Inu
2017,Dog Breeds,10,Border Collie
2017,Professional Sports Teams,1,New York Yankees
2017,Professional Sports Teams,2,Houston Astros
2017,Professional Sports Teams,3,Boston Celtics
2017,Professional Sports Teams,4,Los Angeles Dodgers
2017,Professional Sports Teams,5,Atlanta Falcons
2017,Professional Sports Teams,6,Dallas Cowboys
2017,Professional Sports Teams,7,New England Patriots
2017,Professional Sports Teams,8,Pittsburgh Steelers
2017,Professional Sports Teams,9,Houston Rockets
2017,Professional Sports Teams,10,Philadelphia Eagles
2017,Musicians and Bands,1,Linkin Park
2017,Musicians and Bands,2,Cardi B
2017,Musicians and Bands,3,Lil Pump
2017,Musicians and Bands,4,Joyner Lucas
2017,Musicians and Bands,5,Jason Aldean
2017,Musicians and Bands,6,Danielle Bregoli
2017,Musicians and Bands,7,Post Malone
2017,Musicians and Bands,8,Aaron Carter
2017,Musicians and Bands,9,Remy Ma
2017,Musicians and Bands,10,Montgomery Gentry
2017,TV Shows,1,13 Reasons Why
2017,TV Shows,2,Game of Thrones
2017,TV Shows,3,This Is Us
2017,TV Shows,4,Iron Fist
2017,TV Shows,5,Riverdale
2017,TV Shows,6,Bachelor in Paradise
2017,TV Shows,7,The Good Doctor
2017,TV Shows,8,Santa Clarita Diet
2017,TV Shows,9,Big Little Lies
2017,TV Shows,10,American Gods
2017,Consumer Tech,1,iPhone 8
2017,Consumer Tech,2,iPhone X
2017,Consumer Tech,3,Nintendo Switch
2017,Consumer Tech,4,Samsung Galaxy S8
2017,Consumer Tech,5,Razer Phone
2017,Consumer Tech,6,iPhone 8 Plus
2017,Consumer Tech,7,Super NES Classic
2017,Consumer Tech,8,Google Pixel 2
2017,Consumer Tech,9,Apple Watch 3
2017,Consumer Tech,10,Samsung Galaxy Note 8
2017,Actors,1,Meghan Markle
2017,Actors,2,Kevin Spacey
2017,Actors,3,Gal Gadot
2017,Actors,4,Louis C.K
2017,Actors,5,Meryl Streep
2017,Actors,6,Bill Skarsgård
2017,Actors,7,Millie Bobby Brown
2017,Actors,8,Tom Holland
2017,Actors,9,Maia Campbell
2017,Actors,10,Tommy Wiseau
2017,Selfies,1,Monkey selfie
2017,Selfies,2,Al Sharpton selfie
2017,Selfies,3,Nia Jax selfie
2017,Selfies,4,Eclipse selfie
2017,Selfies,5,Kaia Gerber selfie
2017,Selfies,6,Selfie rat
2017,Selfies,7,Heidi Klum selfie
2017,Selfies,8,Phil Mickelson selfie
2017,Selfies,9,Ellen selfie
2017,Selfies,10,Duck face selfie
2017,Losses,1,Tom Petty
2017,Losses,2,Aaron Hernandez
2017,Losses,3,Chris Cornell
2017,Losses,4,Bill Paxton
2017,Losses,5,Hugh Hefner
2017,Losses,6,Chester Bennington
2017,Losses,7,Charlie Murphy
2017,Losses,8,Lil Peep
2017,Losses,9,Jim Nabors
2017,Losses,10,David Cassidy
2017,Athletes,1,Floyd Mayweather
2017,Athletes,2,Gordon Hayward
2017,Athletes,3,Aaron Boone
2017,Athletes,4,Paul George
2017,Athletes,5,Tony Romo
2017,Athletes,6,Aaron Judge
2017,Athletes,7,Lonzo Ball
2017,Athletes,8,Carmelo Anthony
2017,Athletes,9,Sergio Garcia
2017,Athletes,10,Isaiah Thomas
2017,Recipes,1,Beef Stroganoff recipe
2017,Recipes,2,Apple Crisps recipe
2017,Recipes,3,Corn Casserole recipe
2017,Recipes,4,Brine Turkey recipe
2017,Recipes,5,Zucchini recipe
2017,Recipes,6,Chicken Parmesan recipe
2017,Recipes,7,Pork Chops recipe
2017,Recipes,8,Hard Boiled Egg recipe
2017,Recipes,9,Yams recipe
2017,Recipes,10,Hashbrown Casserole recipe
2017,Searches,1,Hurricane Irma
2017,Searches,2,Matt Lauer
2017,Searches,3,Tom Petty
2017,Searches,4,Super Bowl
2017,Searches,5,Las Vegas shooting
2017,Searches,6,Mayweather vs McGregor fight
2017,Searches,7,Solar eclipse
2017,Searches,8,Hurricane Harvey
2017,Searches,9,Aaron Hernandez
2017,Searches,10,Fidget Spinner
2017,People,1,Matt Lauer
2017,People,2,Meghan Markle
2017,People,3,Harvey Weinstein
2017,People,4,Michael Flynn
2017,People,5,Kevin Spacey
2017,People,6,Bill O'Reilly
2017,People,7,Melania Trump
2017,People,8,Kathy Griffin
2017,People,9,Milo Yiannopoulos
2017,People,10,Gal Gadot
2017,Calories,1,Unicorn Frappuccino calories
2017,Calories,2,Grand Mac calories
2017,Calories,3,Naked Chicken Chalupa calories
2017,Calories,4,Mac Jr calories
2017,Calories,5,Cascara Latte calories
2017,Calories,6,Triple Double Crunchwrap calories
2017,Calories,7,Coconut Milk Mocha Macchiato calories
2017,Calories,8,Poke Bowl calories
2017,Calories,9,Zima calories
2017,Calories,10,McDonalds Ice Cream Cone calories
2017,Activations (protests),1,NFL National Anthem protests
2017,Activations (protests),2,Charlottesville protests
2017,Activations (protests),3,Boston Free Speech rally
2017,Activations (protests),4,UC Berkeley protests
2017,Activations (protests),5,St. Louis protests
2017,Activations (protests),6,Airport protests
2017,Activations (protests),7,D.C. protest
2017,Activations (protests),8,Venezuelan protests
2017,Activations (protests),9,Women's March
2017,Activations (protests),10,May Day protests
2017,News,1,Hurricane Irma
2017,News,2,Las Vegas shooting
2017,News,3,Solar Eclipse
2017,News,4,Hurricane Harvey
2017,News,5,Bitcoin Price
2017,News,6,North Korea
2017,News,7,Hurricane Jose
2017,News,8,Hurricane Maria
2017,News,9,April the Giraffe
2017,News,10,DACA
2017,Car Brands,1,Ford
2017,Car Brands,2,Lexus
2017,Car Brands,3,Kia
2017,Car Brands,4,Toyota
2017,Car Brands,5,Honda
2017,Car Brands,6,Buick
2017,Car Brands,7,Acura
2017,Car Brands,8,Tesla
2017,Car Brands,9,Hyundai
2017,Car Brands,10,Dodge
2017,Songs/Lyrics,1,Despacito
2017,Songs/Lyrics,2,Humble.
2017,Songs/Lyrics,3,Bad and Boujee
2017,Songs/Lyrics,4,Look What You Made Me Do
2017,Songs/Lyrics,5,Bodak Yellow
2017,Songs/Lyrics,6,Gucci Gang
2017,Songs/Lyrics,7,Havana
2017,Songs/Lyrics,8,Shape of You
2017,Songs/Lyrics,9,Mask Off
2017,Songs/Lyrics,10,Side to Side
2017,Workouts and Exercises,1,Murph crossfit workout
2017,Workouts and Exercises,2,Bungee workout
2017,Workouts and Exercises,3,Tabata workout
2017,Workouts and Exercises,4,TRX workout
2017,Workouts and Exercises,5,Burpees exercise
2017,Workouts and Exercises,6,HIIT workout routine
2017,Workouts and Exercises,7,Piyo workout
2017,Workouts and Exercises,8,Inner thigh workout
2017,Workouts and Exercises,9,17.2 workout
2017,Workouts and Exercises,10,Oblique workout
2017,Movies,1,IT
2017,Movies,2,Beauty and the Beast
2017,Movies,3,Wonder Woman
2017,Movies,4,Get Out
2017,Movies,5,Justice League
2017,Movies,6,Logan
2017,Movies,7,Baby Driver
2017,Movies,8,Guardians of the Galaxy Vol 2
2017,Movies,9,Hidden Figures
2017,Movies,10,Dunkirk
2018,Video Games,1,Fortnite
2018,Video Games,2,Red Dead Redemption 2
2018,Video Games,3,Fallout 76
2018,Video Games,4,Far Cry 5
2018,Video Games,5,God of War
2018,Video Games,6,Monster Hunter: World
2018,Video Games,7,Sea of Thieves
2018,Video Games,8,Call of Duty: Black Ops 4
2018,Video Games,9,Kingdom Come: Deliverance
2018,Video Games,10,Zombs Royale
2018,Songs,1,Bohemian Rhapsody
2018,Songs,2,This Is America
2018,Songs,3,Baby Shark
2018,Songs,4,God's Plan
2018,Songs,5,Killshot
2018,Songs,6,In My Feelings
2018,Songs,7,Electric Slide
2018,Songs,8,"thank u, next"
2018,Songs,9,Mo Bamba
2018,Songs,10,Lucid Dreams
2018,Weddings,1,Royal Wedding
2018,Weddings,2,Priyanka Chopra Wedding
2018,Weddings,3,Princess Eugenie Wedding
2018,Weddings,4,Kat Von D Wedding
2018,Weddings,5,Deepika Padukone Wedding
2018,Weddings,6,Joe Scarborough and Mika Wedding
2018,Weddings,7,Kit Harington Wedding
2018,Weddings,8,Jordan Spieth Wedding
2018,Weddings,9,Emily Ratajkowski wedding
2018,Weddings,10,Kane Brown Wedding
2018,GIFs,1,Fortnite GIF
2018,GIFs,2,Default Dance GIF
2018,GIFs,3,Dilly Dilly GIF
2018,GIFs,4,Orange Justice GIF
2018,GIFs,5,Black Panther GIF
2018,GIFs,6,Cat Curling GIF
2018,GIFs,7,Ugandan Knuckles GIF
2018,GIFs,8,Draymond Green GIF
2018,GIFs,9,Cardi B GIF
2018,GIFs,10,Floss Dance GIF
2018,People,1,Demi Lovato
2018,People,2,Meghan Markle
2018,People,3,Brett Kavanaugh
2018,People,4,Logan Paul
2018,People,5,Khloé Kardashian
2018,People,6,Eminem
2018,People,7,Urban Meyer
2018,People,8,Ariana Grande
2018,People,9,Rick Ross
2018,People,10,Cardi B
2018,Loss,1,Mac Miller
2018,Loss,2,Kate Spade
2018,Loss,3,Anthony Bourdain
2018,Loss,4,Stan Lee
2018,Loss,5,Aretha Franklin
2018,Loss,6,XXXTentacion
2018,Loss,7,Mollie Tibbetts
2018,Loss,8,Avicii
2018,Loss,9,Burt Reynolds
2018,Loss,10,John McCain
2018,Food,1,Unicorn cake
2018,Food,2,Romaine lettuce
2018,Food,3,CBD gummies
2018,Food,4,Keto pancakes
2018,Food,5,Keto cheesecake
2018,Food,6,Necco Wafers
2018,Food,7,Keto cookies
2018,Food,8,Keto chili
2018,Food,9,Keto brownies
2018,Food,10,Gochujang
2018,Fashion Searches,1,1980s fashion
2018,Fashion Searches,2,Grunge style
2018,Fashion Searches,3,1990s fashion
2018,Fashion Searches,4,2000s fashion
2018,Fashion Searches,5,Meghan Markle
2018,Fashion Searches,6,Men's Fashion
2018,Fashion Searches,7,Harajuku fashion
2018,Fashion Searches,8,Hipster style
2018,Fashion Searches,9,Kate Middleton
2018,Fashion Searches,10,80s mens fashion
2018,Professional Sports Teams,1,Cleveland Cavaliers
2018,Professional Sports Teams,2,Boston Red Sox
2018,Professional Sports Teams,3,Philadelphia Eagles
2018,Professional Sports Teams,4,New York Yankees
2018,Professional Sports Teams,5,Los Angeles Dodgers
2018,Professional Sports Teams,6,Los Angeles Lakers
2018,Professional Sports Teams,7,Boston Celtics
2018,Professional Sports Teams,8,Cleveland Browns
2018,Professional Sports Teams,9,Chicago Bears
2018,Professional Sports Teams,10,Milwaukee Brewers
2018,News,1,World Cup
2018,News,2,Hurricane Florence
2018,News,3,Mega Millions
2018,News,4,Election Results
2018,News,5,Hurricane Michael
2018,News,6,Kavanaugh Confirmation
2018,News,7,Florida Shooting
2018,News,8,Royal Wedding
2018,News,9,Olympic Medal Count
2018,News,10,Government Shutdown
2018,TV Shows,1,Roseanne
2018,TV Shows,2,Altered Carbon
2018,TV Shows,3,The Haunting of Hill House
2018,TV Shows,4,American Idol
2018,TV Shows,5,Lost in Space
2018,TV Shows,6,Corbra Kai
2018,TV Shows,7,Castle Rock
2018,TV Shows,8,Westworld
2018,TV Shows,9,Insatiable
2018,TV Shows,10,On My Block
2018,Movies,1,Black Panther
2018,Movies,2,Incredibles 2
2018,Movies,3,Deadpool 2
2018,Movies,4,Avengers: Infinity War
2018,Movies,5,A Quiet Place
2018,Movies,6,A Star Is Born
2018,Movies,7,Bohemian Rhapsody
2018,Movies,8,Venom
2018,Movies,9,Hereditary
2018,Movies,10,The Nun
2018,Diet,1,Keto diet
2018,Diet,2,Dubrow diet
2018,Diet,3,Noom diet
2018,Diet,4,Carnivore diet
2018,Diet,5,Mediterranean diet
2018,Diet,6,Optavia diet
2018,Diet,7,Dr. Gundry diet
2018,Diet,8,Fasting diet
2018,Diet,9,Fodmap diet
2018,Diet,10,The Shepherd's Diet
2018,Actors,1,Logan Paul
2018,Actors,2,Bill Cosby
2018,Actors,3,Sylvester Stallone
2018,Actors,4,Pete Davidson
2018,Actors,5,Michael B. Jordan
2018,Actors,6,Allison Mack
2018,Actors,7,Noah Centineo
2018,Actors,8,Bradley Cooper
2018,Actors,9,Roseanne Barr
2018,Actors,10,Chadwick Boseman
2018,Athletes,1,Tristan Thompson
2018,Athletes,2,Shaun White
2018,Athletes,3,Lindsey Vonn
2018,Athletes,4,Le'Veon Bell
2018,Athletes,5,Kawhi Leonard
2018,Athletes,6,Dez Bryant
2018,Athletes,7,Nick Foles
2018,Athletes,8,Chloe Kim
2018,Athletes,9,Naomi Osaka
2018,Athletes,10,Johnny Weir
2018,Musicians and Bands,1,Demi Lovato
2018,Musicians and Bands,2,Eminem
2018,Musicians and Bands,3,Ariana Grande
2018,Musicians and Bands,4,Rick Ross
2018,Musicians and Bands,5,Cardi B
2018,Musicians and Bands,6,Travis Scott
2018,Musicians and Bands,7,Childish Gambino
2018,Musicians and Bands,8,Machine Gun Kelly
2018,Musicians and Bands,9,Meek Mill
2018,Musicians and Bands,10,Queen
2018,Searches,1,World Cup
2018,Searches,2,Hurricane Florence
2018,Searches,3,Mac Miller
2018,Searches,4,Kate Spade
2018,Searches,5,Anthony Bourdain
2018,Searches,6,Black Panther
2018,Searches,7,Mega Millions Results
2018,Searches,8,Stan Lee
2018,Searches,9,Demi Lovato
2018,Searches,10,Election Results
2018,Fashion Brands,1,Fashion Nova
2018,Fashion Brands,2,Louis Vuitton
2018,Fashion Brands,3,Versace
2018,Fashion Brands,4,Givenchy
2018,Fashion Brands,5,Gucci
2018,Fashion Brands,6,Alexander McQueen
2018,Fashion Brands,7,Dolce & Gabbana
2018,Fashion Brands,8,Fashionphile
2018,Fashion Brands,9,Dior
2018,Fashion Brands,10,Moschino
2018,Politicians,1,Stacey Abrams
2018,Politicians,2,Beto O'Rourke
2018,Politicians,3,Ted Cruz
2018,Politicians,4,Andrew Gillum
2018,Politicians,5,Alexandria Ocasio-Cortez
2018,Politicians,6,Nikki Haley
2018,Politicians,7,Lindsey Graham
2018,Politicians,8,Kyrsten Sinema
2018,Politicians,9,Nancy Pelosi
2018,Politicians,10,Susan Collins
2019,Searches,1,Disney Plus
2019,Searches,2,Cameron Boyce
2019,Searches,3,Nipsey Hussle
2019,Searches,4,Hurricane Dorian
2019,Searches,5,Antonio Brown
2019,Searches,6,Luke Perry
2019,Searches,7,Avengers: Endgame
2019,Searches,8,Game of Thrones
2019,Searches,9,iPhone 11
2019,Searches,10,Jussie Smollett
2019,Athletes,1,Antonio Brown
2019,Athletes,2,Bryce Harper
2019,Athletes,3,David Ortiz
2019,Athletes,4,Andrew Luck
2019,Athletes,5,Myles Garrett
2019,Athletes,6,Megan Rapinoe
2019,Athletes,7,Russell Westbrook
2019,Athletes,8,Zion Williamson
2019,Athletes,9,Melvin Gordon
2019,Athletes,10,Alex Morgan
2019,Home Style searches,1,Farmhouse style
2019,Home Style searches,2,Colonial house style
2019,Home Style searches,3,Cape Cod house style
2019,Home Style searches,4,Spanish style house
2019,Home Style searches,5,Art deco style
2019,Home Style searches,6,Japanese style house
2019,Home Style searches,7,Craftsman style home
2019,Home Style searches,8,Transitional style
2019,Home Style searches,9,Prairie style homes
2019,Home Style searches,10,Modern style homes
2019,Musicians and Bands,1,R. Kelly
2019,Musicians and Bands,2,21 Savage
2019,Musicians and Bands,3,Billie Eilish
2019,Musicians and Bands,4,Lil Nas X
2019,Musicians and Bands,5,A$AP Rocky
2019,Musicians and Bands,6,Mötley Crüe
2019,Musicians and Bands,7,Lizzo
2019,Musicians and Bands,8,Gladys Knight
2019,Musicians and Bands,9,Tekashi 69
2019,Musicians and Bands,10,Joy Villa
2019,Professional Sports Scores,1,Washington Nationals
2019,Professional Sports Scores,2,Boston Bruins
2019,Professional Sports Scores,3,St. Louis Cardinals
2019,Professional Sports Scores,4,Dallas Cowboys
2019,Professional Sports Scores,5,St. Louis Blues
2019,Professional Sports Scores,6,Milwaukee Bucks
2019,Professional Sports Scores,7,Chicago Bears
2019,Professional Sports Scores,8,Minnesota Twins
2019,Professional Sports Scores,9,Toronto Raptors
2019,Professional Sports Scores,10,Tampa Bay Rays
2019,TV Shows,1,Game of Thrones
2019,TV Shows,2,Stranger Things
2019,TV Shows,3,When They See Us
2019,TV Shows,4,Chernobyl
2019,TV Shows,5,The Mandalorian
2019,TV Shows,6,The Umbrella Academy
2019,TV Shows,7,Euphoria
2019,TV Shows,8,Dead to Me
2019,TV Shows,9,Surviving R. Kelly
2019,TV Shows,10,The Boys
2019,Outfit ideas,1,EGirl outfit
2019,Outfit ideas,2,Eboy outfit
2019,Outfit ideas,3,Soft girl outfit
2019,Outfit ideas,4,Biker shorts outfit
2019,Outfit ideas,5,VSCO girl outfit
2019,Outfit ideas,6,Dickies outfit
2019,Outfit ideas,7,White jeans outfit
2019,Outfit ideas,8,Fila outfit
2019,Outfit ideas,9,Champion outfit
2019,Outfit ideas,10,Leather pants outfit
2019,Songs,1,Old Town Road
2019,Songs,2,7 Rings
2019,Songs,3,Shallow
2019,Songs,4,Sunflower
2019,Songs,5,Truth Hurts
2019,Songs,6,Lose You To Love Me
2019,Songs,7,Sicko Mode
2019,Songs,8,"thank u, next"
2019,Songs,9,Act Up
2019,Songs,10,Bury a Friend
2019,Babies,1,Baby Yoda
2019,Babies,2,Baby Shark
2019,Babies,3,Royal baby
2019,Babies,4,Kim Kardashian Kanye West baby
2019,Babies,5,Cardi B baby
2019,Babies,6,Trey Songz baby
2019,Babies,7,Andy Cohen baby
2019,Babies,8,Shawn Johnson baby
2019,Babies,9,Amy Schumer baby
2019,Babies,10,Hoda Kotb baby
2019,Movies,1,Avengers: Endgame
2019,Movies,2,Captain Marvel
2019,Movies,3,Joker
2019,Movies,4,Toy Story 4
2019,Movies,5,The Lion King
2019,Movies,6,IT Chapter Two
2019,Movies,7,Frozen 2
2019,Movies,8,Once Upon a Time In Hollywood
2019,Movies,9,Midsommar
2019,Movies,10,Scary Stories to Tell in the Dark
2019,Weddings,1,Miranda Lambert
2019,Weddings,2,Jennifer Lawrence
2019,Weddings,3,Justin Bieber
2019,Weddings,4,Miley Cyrus
2019,Weddings,5,Chiquis Rivera
2019,Weddings,6,Chris Pratt
2019,Weddings,7,Joe Jonas
2019,Weddings,8,Elvis Duran
2019,Weddings,9,Zoë Kravitz
2019,Weddings,10,Jake Paul Tana Mongeau
2019,People,1,Antonio Brown
2019,People,2,Jussie Smollett
2019,People,3,James Charles
2019,People,4,Kevin Hart
2019,People,5,R. Kelly
2019,People,6,21 Savage
2019,People,7,Lori Loughlin
2019,People,8,Jordyn Woods
2019,People,9,Bryce Harper
2019,People,10,Robert Kraft
2019,Passings,1,Cameron Boyce
2019,Passings,2,Nipsey Hussle
2019,Passings,3,Luke Perry
2019,Passings,4,Jeffrey Epstein
2019,Passings,5,Tyler Skaggs
2019,Passings,6,Beth Chapman
2019,Passings,7,John Witherspoon
2019,Passings,8,John Singleton
2019,Passings,9,Eddie Money
2019,Passings,10,Elijah Cummings
2019,People of the Red Carpet,1,Billy Porter
2019,People of the Red Carpet,2,Cardi B
2019,People of the Red Carpet,3,Lady Gaga
2019,People of the Red Carpet,4,Amy Schumer husband
2019,People of the Red Carpet,5,Jenny McCarthy
2019,People of the Red Carpet,6,BTS
2019,People of the Red Carpet,7,Caitlyn Jenner
2019,People of the Red Carpet,8,Richard Madden
2019,People of the Red Carpet,9,Brie Larson
2019,People of the Red Carpet,10,Brienne of Tarth
2019,Diets,1,Intermittent fasting diet
2019,Diets,2,Dr. Sebi diet
2019,Diets,3,Noom diet
2019,Diets,4,1200 calories diet
2019,Diets,5,Golo diet
2019,Diets,6,Dubrow diet
2019,Diets,7,Sirtfood diet
2019,Diets,8,No Carbs no sugar diet
2019,Diets,9,Endomorph diet
2019,Diets,10,Jlo diet
2019,Recipes,1,Shepherd's pie
2019,Recipes,2,Chicken parmigiana
2019,Recipes,3,Ham glaze
2019,Recipes,4,Charoset
2019,Recipes,5,Snickerdoodle cookies
2019,Recipes,6,Chaffle
2019,Recipes,7,Chicken cacciatore
2019,Recipes,8,Popeyes chicken sandwich
2019,Recipes,9,Tater tot casserole
2019,Recipes,10,King cake
2019,Actors,1,Jussie Smollett
2019,Actors,2,Kevin Hart
2019,Actors,3,Lori Loughlin
2019,Actors,4,Felicity Huffman
2019,Actors,5,Keanu Reeves
2019,Actors,6,Rami Malek
2019,Actors,7,Joaquin Phoenix
2019,Actors,8,Kate Beckinsale
2019,Actors,9,Halle Bailey
2019,Actors,10,Maisie Williams
2019,News,1,Hurricane Dorian
2019,News,2,Notre Dame Cathedral
2019,News,3,Women's World Cup
2019,News,4,Area 51 raid
2019,News,5,Copa America
2019,News,6,El Paso shooting
2019,News,7,Sri Lanka
2019,News,8,Government shutdown
2019,News,9,Equifax data breach settlement
2019,News,10,California earthquake
2020,TV Shows,1,Tiger King
2020,TV Shows,2,Cobra Kai
2020,TV Shows,3,Ozark
2020,TV Shows,4,The Umbrella Academy
2020,TV Shows,5,The Queen's Gambit
2020,TV Shows,6,Little Fires Everywhere
2020,TV Shows,7,Outer Banks
2020,TV Shows,8,Ratched
2020,TV Shows,9,All American
2020,TV Shows,10,The Last Dance
2020,Recipes,1,Sourdough bread
2020,Recipes,2,Whipped coffee
2020,Recipes,3,Disney churro
2020,Recipes,4,Dole Whip
2020,Recipes,5,DoubleTree cookie
2020,Recipes,6,Ikea meatball
2020,Recipes,7,Chaffle
2020,Recipes,8,Hamburger bun
2020,Recipes,9,Egg salad sandwich
2020,Recipes,10,Healthy banana bread
2020,Virtual,1,Virtual field trips
2020,Virtual,2,Virtual museum tours
2020,Virtual,3,Virtual Kentucky Derby
2020,Virtual,4,Virtual learning
2020,Virtual,5,Virtual NBA fans
2020,Virtual,6,Virtual EDC rave
2020,Virtual,7,Virtual classroom
2020,Virtual,8,Virtual tours
2020,Virtual,9,Virtual marriage
2020,Virtual,10,Virtual baby shower
2020,Politicians,1,Joe Biden
2020,Politicians,2,Kamala Harris
2020,Politicians,3,Boris Johnson
2020,Politicians,4,Pete Buttigieg
2020,Politicians,5,Mike Bloomberg
2020,Politicians,6,Andrew Cuomo
2020,Politicians,7,Chris Christie
2020,Politicians,8,Mike Pence
2020,Politicians,9,Andrew Yang
2020,Politicians,10,Mitt Romney
2020,Athletes,1,Ryan Newman
2020,Athletes,2,Tom Brady
2020,Athletes,3,Bubba Wallace
2020,Athletes,4,Mike Tyson
2020,Athletes,5,Rudy Gobert
2020,Athletes,6,Drew Brees
2020,Athletes,7,Tyson Fury
2020,Athletes,8,Derrick Henry
2020,Athletes,9,Nate Robinson
2020,Athletes,10,Delonte West
2020,Movies,1,Parasite
2020,Movies,2,1917
2020,Movies,3,Black Panther
2020,Movies,4,Harley Quinn: Birds of Prey
2020,Movies,5,Little Women
2020,Movies,6,Just Mercy
2020,Movies,7,Bad Boys 3
2020,Movies,8,Sonic the Hedgehog
2020,Movies,9,Contagion
2020,Movies,10,Fantasy Island
2020,Actors,1,Tom Hanks
2020,Actors,2,Chris D'Elia
2020,Actors,3,Jada Pinkett Smith
2020,Actors,4,Timothée Chalamet
2020,Actors,5,Ricky Gervais
2020,Actors,6,Amber Heard
2020,Actors,7,Joaquin Phoenix
2020,Actors,8,Danny Masterson
2020,Actors,9,Ryan Dorsey
2020,Actors,10,Lea Michele
2020,Games,1,Among Us
2020,Games,2,Fall Guys: Ultimate Knockout
2020,Games,3,Valorant
2020,Games,4,Genshin Impact
2020,Games,5,Ghost of Tsushima
2020,Games,6,Animal Crossing
2020,Games,7,Assassin's Creed Valhalla
2020,Games,8,The Last of Us 2
2020,Games,9,Madden NFL 21
2020,Games,10,Jackbox
2020,People,1,Joe Biden
2020,People,2,Kim Jong Un
2020,People,3,Kamala Harris
2020,People,4,Jacob Blake
2020,People,5,Ryan Newman
2020,People,6,Tom Hanks
2020,People,7,Shakira
2020,People,8,Tom Brady
2020,People,9,Kanye West
2020,People,10,Vanessa Bryant
2020,Definitions,1,WAP
2020,Definitions,2,Entanglement
2020,Definitions,3,Antebellum
2020,Definitions,4,Pandemic
2020,Definitions,5,Asymptomatic
2020,Definitions,6,Juneteenth
2020,Definitions,7,BIPOC
2020,Definitions,8,Quarantine
2020,Definitions,9,Simp
2020,Definitions,10,Furlough
2020,Babies,1,Elon Musk baby
2020,Babies,2,Baby platypus
2020,Babies,3,Ice Age baby
2020,Babies,4,Anderson Cooper baby
2020,Babies,5,Baby Nut
2020,Babies,6,Nicki Minaj baby
2020,Babies,7,Katy Perry baby
2020,Babies,8,Ed Sheeran baby
2020,Babies,9,Cameron Diaz baby
2020,Babies,10,Cocomelon baby
2020,News,1,Election results
2020,News,2,Coronavirus
2020,News,3,Stimulus checks
2020,News,4,Unemployment
2020,News,5,Iran
2020,News,6,Hurricane Laura
2020,News,7,Super Tuesday
2020,News,8,Stock market
2020,News,9,Murder hornet
2020,News,10,Australia fires
2020,Sports Teams,1,Boston Celtics
2020,Sports Teams,2,Miami Heat
2020,Sports Teams,3,Kansas City Chiefs
2020,Sports Teams,4,Los Angeles Clippers
2020,Sports Teams,5,Dallas Stars
2020,Sports Teams,6,Washington Football Team
2020,Sports Teams,7,Philadelphia Flyers
2020,Sports Teams,8,Tampa Bay Buccaneers
2020,Sports Teams,9,Boston Bruins
2020,Sports Teams,10,San Francisco 49ers
2020,Loss,1,Kobe Bryant
2020,Loss,2,Naya Rivera
2020,Loss,3,Chadwick Boseman
2020,Loss,4,George Floyd
2020,Loss,5,Ruth Bader Ginsburg
2020,Loss,6,Eddie Van Halen
2020,Loss,7,King Von
2020,Loss,8,Kelly Preston
2020,Loss,9,Pop Smoke
2020,Loss,10,Ahmaud Arbery
2020,Lyrics,1,WAP
2020,Lyrics,2,The Box
2020,Lyrics,3,Godzilla
2020,Lyrics,4,GOOBA
2020,Lyrics,5,Break My Stride
2020,Lyrics,6,This Is For Rachel
2020,Lyrics,7,Say So
2020,Lyrics,8,Yummy
2020,Lyrics,9,Heather
2020,Lyrics,10,ROXANNE
2020,Searches,1,Election results
2020,Searches,2,Coronavirus
2020,Searches,3,Kobe Bryant
2020,Searches,4,Coronavirus update
2020,Searches,5,Coronavirus symptoms
2020,Searches,6,Zoom
2020,Searches,7,Who is winning the election
2020,Searches,8,Naya Rivera
2020,Searches,9,Chadwick Boseman
2020,Searches,10,PlayStation 5
2020,Musicians and Bands,1,Shakira
2020,Musicians and Bands,2,August Alsina
2020,Musicians and Bands,3,Adele
2020,Musicians and Bands,4,Doja Cat
2020,Musicians and Bands,5,Grimes
2020,Musicians and Bands,6,Van Halen
2020,Musicians and Bands,7,Lizzo
2020,Musicians and Bands,8,Tamar Braxton
2020,Musicians and Bands,9,Quando Rondo
2020,Musicians and Bands,10,Tory Lanez
2021,Celebrities Searched Together,1,Kim and Kanye
2021,Celebrities Searched Together,2,Bill and Melinda Gates
2021,Celebrities Searched Together,3,Kim Kardashian and Pete Davidson
2021,Celebrities Searched Together,4,Kanye and Jeffree Star
2021,Celebrities Searched Together,5,Taylor Swift and Jake Gyllenhaal
2021,Celebrities Searched Together,6,JLo and A-Rod
2021,Celebrities Searched Together,7,Tom Holland and Zendaya
2021,Celebrities Searched Together,8,Jennifer Aniston and David Schwimmer
2021,Celebrities Searched Together,9,Ben Affleck and JLo
2021,Celebrities Searched Together,10,Selena Gomez and Chris Evans
2021,Sustainable Products,1,Hand soap
2021,Sustainable Products,2,Leather jacket
2021,Sustainable Products,3,Denim
2021,Sustainable Products,4,Sandals
2021,Sustainable Products,5,Cleaning products
2021,Sustainable Products,6,Engagement rings
2021,Sustainable Products,7,Swimwear
2021,Sustainable Products,8,Razors
2021,Sustainable Products,9,Pens
2021,Sustainable Products,10,Activewear
2021,Sports Teams,1,Boston Red Sox
2021,Sports Teams,2,Los Angeles Lakers
2021,Sports Teams,3,Milwaukee Bucks
2021,Sports Teams,4,Phoenix Suns
2021,Sports Teams,5,Atlanta Braves
2021,Sports Teams,6,Los Angeles Clippers
2021,Sports Teams,7,Los Angeles Dodgers
2021,Sports Teams,8,Houston Astros
2021,Sports Teams,9,Brooklyn Nets
2021,Sports Teams,10,Atlanta Hawks
2021,Movies,1,Black Widow
2021,Movies,2,Eternals
2021,Movies,3,Halloween Kills
2021,Movies,4,Mortal Kombat
2021,Movies,5,Dune
2021,Movies,6,Shang-Chi and the Legend of the Ten Rings
2021,Movies,7,Godzilla vs. Kong
2021,Movies,8,The Suicide Squad
2021,Movies,9,Space Jam
2021,Movies,10,In the Heights
2021,News,1,Mega Millions
2021,News,2,AMC Stock
2021,News,3,Stimulus Check
2021,News,4,Georgia Senate Race
2021,News,5,GME
2021,News,6,Dogecoin
2021,News,7,Hurricane Ida
2021,News,8,Kyle Rittenhouse Verdict
2021,News,9,Afghanistan
2021,News,10,Ethereum Price
2021,Searches,1,NBA
2021,Searches,2,DMX
2021,Searches,3,Gabby Petito
2021,Searches,4,Kyle Rittenhouse
2021,Searches,5,Brian Laundrie
2021,Searches,6,Mega Millions
2021,Searches,7,AMC Stock
2021,Searches,8,Stimulus Check
2021,Searches,9,Georgia Senate Race
2021,Searches,10,Squid Game
2021,People,1,Kyle Rittenhouse
2021,People,2,Tiger Woods
2021,People,3,Alec Baldwin
2021,People,4,Travis Scott
2021,People,5,Simone Biles
2021,People,6,Derek Chauvin
2021,People,7,Morgan Wallen
2021,People,8,Henry Ruggs III
2021,People,9,Pete Davidson
2021,People,10,Shailene Woodley
2021,Updates,1,Stimulus update
2021,Updates,2,DMX update
2021,Updates,3,Brian Laundrie update
2021,Updates,4,Gabby Petito update
2021,Updates,5,Hurricane Ida update
2021,Updates,6,Caldor fire update
2021,Updates,7,Dixie fire update
2021,Updates,8,Tiger Woods update
2021,Updates,9,Derek Chauvin update
2021,Updates,10,Severe thunderstorm warning update
2021,Actors,1,Alec Baldwin
2021,Actors,2,Pete Davidson
2021,Actors,3,Shailene Woodley
2021,Actors,4,Gina Carano
2021,Actors,5,Armie Hammer
2021,Actors,6,Jake Gyllenhaal
2021,Actors,7,Dave Chappelle
2021,Actors,8,Bo Burnham
2021,Actors,9,Olivia Wilde
2021,Actors,10,Dog the Bounty Hunter
2021,Memes,1,Bernie Sanders' mittens
2021,Memes,2,Hamster
2021,Memes,3,Twisted tea
2021,Memes,4,Squid Game
2021,Memes,5,Sheesh
2021,Memes,6,Red flag
2021,Memes,7,Dab me up
2021,Memes,8,Trade offer
2021,Memes,9,Vin Diesel family
2021,Memes,10,Suez Canal
2021,Games,1,Among Us
2021,Games,2,Battlefield 2042
2021,Games,3,Resident Evil Village
2021,Games,4,Valheim
2021,Games,5,Forza Horizon 5
2021,Games,6,Madden NFL 22
2021,Games,7,Outriders
2021,Games,8,Pokémon Unite
2021,Games,9,Biomutant
2021,Games,10,Friday Night Funkin'
2021,Musicians and Bands,1,Travis Scott
2021,Musicians and Bands,2,Morgan Wallen
2021,Musicians and Bands,3,Adele
2021,Musicians and Bands,4,The Weeknd
2021,Musicians and Bands,5,Dr. Dre
2021,Musicians and Bands,6,Olivia Rodrigo
2021,Musicians and Bands,7,Marilyn Manson
2021,Musicians and Bands,8,Daft Punk
2021,Musicians and Bands,9,Bobby Shmurda
2021,Musicians and Bands,10,Lil Nas X
2021,Songs,1,"drivers license, Olivia Rodrigo"
2021,Songs,2,"All Too Well, Taylor Swift"
2021,Songs,3,"good 4 u, Olivia Rodrigo"
2021,Songs,4,"Wants and Needs, Drake"
2021,Songs,5,"Easy on Me, Adele"
2021,Songs,6,"WAP, Cardi B feat. Megan Thee Stallion"
2021,Songs,7,"Poker Face, Lady Gaga"
2021,Songs,8,"Fancy Like, Walker Hayes"
2021,Songs,9,"MONTERO (Call Me by Your Name), Lil Nas X"
2021,Songs,10,"deja vu, Olivia Rodrigo"
2021,TV Shows,1,Squid Game
2021,TV Shows,2,Bridgerton
2021,TV Shows,3,WandaVision
2021,TV Shows,4,Ginny and Georgia
2021,TV Shows,5,Cobra Kai
2021,TV Shows,6,Firefly Lane
2021,TV Shows,7,Manifest
2021,TV Shows,8,Mare of Easttown
2021,TV Shows,9,Loki
2021,TV Shows,10,Midnight Mass
2021,Aesthetics,1,Indie
2021,Aesthetics,2,Dark academia
2021,Aesthetics,3,Cottagecore
2021,Aesthetics,4,Y2K
2021,Aesthetics,5,Sage green
2021,Aesthetics,6,Kidcore
2021,Aesthetics,7,Coconut girl
2021,Aesthetics,8,Kawaii
2021,Aesthetics,9,Harry Potter
2021,Aesthetics,10,Slytherin
2021,Athletes,1,Tiger Woods
2021,Athletes,2,Simone Biles
2021,Athletes,3,Henry Ruggs III
2021,Athletes,4,Odell Beckham Jr.
2021,Athletes,5,Aaron Rodgers
2021,Athletes,6,Giannis Antetokounmpo
2021,Athletes,7,Sha'Carri Richardson
2021,Athletes,8,Deshaun Watson
2021,Athletes,9,Christian Eriksen
2021,Athletes,10,Jake Paul
2021,Recipes,1,TikTok pasta
2021,Recipes,2,Bacon jam
2021,Recipes,3,Birria tacos
2021,Recipes,4,Crockpot chicken
2021,Recipes,5,Hamantaschen
2021,Recipes,6,Squid Game cookie
2021,Recipes,7,Baked oats
2021,Recipes,8,Cicada
2021,Recipes,9,Gigi Hadid pasta
2021,Recipes,10,Smashed potatoes
2021,Passings,1,DMX
2021,Passings,2,Gabby Petito
2021,Passings,3,Brian Laundrie
2021,Passings,4,Prince Philip
2021,Passings,5,Norm Macdonald
2021,Passings,6,Michael K. Williams
2021,Passings,7,Larry King
2021,Passings,8,Colin Powell
2021,Passings,9,Dustin Diamond
2021,Passings,10,Biz Markie
2022,Tickets,1,Disneyland tickets
2022,Tickets,2,Bad Bunny tickets
2022,Tickets,3,Taylor Swift tickets
2022,Tickets,4,Phillies tickets
2022,Tickets,5,Blink 182 tickets
2022,Tickets,6,Black Panther: Wakanda Forever tickets
2022,Tickets,7,Paul McCartney tickets
2022,Tickets,8,San Diego Padres tickets
2022,Tickets,9,Coachella tickets
2022,Tickets,10,Steve Lacy tickets
2022,TV Shows,1,Euphoria
2022,TV Shows,2,Stranger Things
2022,TV Shows,3,The Watcher
2022,TV Shows,4,Inventing Anna
2022,TV Shows,5,House of the Dragon
2022,TV Shows,6,Moon Knight
2022,TV Shows,7,Yellowstone
2022,TV Shows,8,The Summer I Turned Pretty
2022,TV Shows,9,Obi-Wan Kenobi
2022,TV Shows,10,She-Hulk: Attorney at Law
2022,Actors,1,Johnny Depp
2022,Actors,2,Will Smith
2022,Actors,3,Amber Heard
2022,Actors,4,Chris Rock
2022,Actors,5,Julia Fox
2022,Actors,6,Joseph Quinn
2022,Actors,7,Jada Pinkett Smith
2022,Actors,8,Ezra Miller
2022,Actors,9,Miles Teller
2022,Actors,10,Ashley Judd
2022,Athletes,1,Antonio Brown
2022,Athletes,2,Serena Williams
2022,Athletes,3,Joe Burrow
2022,Athletes,4,Aaron Judge
2022,Athletes,5,Manti Te'o
2022,Athletes,6,Brittney Griner
2022,Athletes,7,Shaun White
2022,Athletes,8,Eileen Gu
2022,Athletes,9,Baker Mayfield
2022,Athletes,10,Kamila Valieva
2022,News,1,Election results
2022,News,2,Queen Elizabeth passing
2022,News,3,Ukraine
2022,News,4,Powerball numbers
2022,News,5,Hurricane Ian
2022,News,6,Monkeypox
2022,News,7,Texas school shooting
2022,News,8,Will Smith Oscars
2022,News,9,Johnny Depp verdict
2022,News,10,Roe v Wade
2022,Shortages,1,Diesel shortage
2022,Shortages,2,Baby formula shortage
2022,Shortages,3,Tampon shortage
2022,Shortages,4,Adderall shortage
2022,Shortages,5,Sriracha shortage
2022,Shortages,6,Food shortage
2022,Shortages,7,Cream cheese shortage
2022,Shortages,8,Avocado shortage
2022,Shortages,9,Lettuce shortage
2022,Shortages,10,Epidural shortage
2022,Movies,1,Encanto
2022,Movies,2,Thor: Love and Thunder
2022,Movies,3,Top Gun: Maverick
2022,Movies,4,The Batman
2022,Movies,5,Everything Everywhere All at Once
2022,Movies,6,Black Adam
2022,Movies,7,Jurassic World Dominion
2022,Movies,8,Black Panther: Wakanda Forever
2022,Movies,9,Morbius
2022,Movies,10,Turning Red
2022,Searches,1,Wordle
2022,Searches,2,Election results
2022,Searches,3,Betty White
2022,Searches,4,Queen Elizabeth
2022,Searches,5,Bob Saget
2022,Searches,6,Ukraine
2022,Searches,7,Mega Millions
2022,Searches,8,Powerball numbers
2022,Searches,9,Anne Heche
2022,Searches,10,Jeffrey Dahmer
2022,Sports Teams,1,Philadelphia Phillies
2022,Sports Teams,2,Boston Celtics
2022,Sports Teams,3,Golden State Warriors
2022,Sports Teams,4,Cincinnati Bengals
2022,Sports Teams,5,Los Angeles Rams
2022,Sports Teams,6,New York Rangers
2022,Sports Teams,7,San Diego Padres
2022,Sports Teams,8,San Francisco 49ers
2022,Sports Teams,9,Cleveland Guardians
2022,Sports Teams,10,Calgary Flames
2022,Recipes,1,Sugo
2022,Recipes,2,Cincinnati Chili
2022,Recipes,3,Marry Me Chicken
2022,Recipes,4,Quick pancake
2022,Recipes,5,Mango pie
2022,Recipes,6,Green goddess salad
2022,Recipes,7,Jennifer Aniston salad
2022,Recipes,8,Grinder sandwich
2022,Recipes,9,Bella Hadid sandwich
2022,Recipes,10,The Bear spaghetti
2022,Games,1,Wordle
2022,Games,2,Quordle
2022,Games,3,Elden Ring
2022,Games,4,Heardle
2022,Games,5,Worldle
2022,Games,6,Nerdle
2022,Games,7,God of War Ragnarök
2022,Games,8,Lost Ark
2022,Games,9,Overwatch 2
2022,Games,10,Globle
2022,Musicians and Bands,1,Adam Levine
2022,Musicians and Bands,2,Mary J. Blige
2022,Musicians and Bands,3,Lil Tjay
2022,Musicians and Bands,4,Kendrick Lamar
2022,Musicians and Bands,5,Migos
2022,Musicians and Bands,6,Tommy Lee
2022,Musicians and Bands,7,Kate Bush
2022,Musicians and Bands,8,Ricky Martin
2022,Musicians and Bands,9,Young Thug
2022,Musicians and Bands,10,Foo Fighters
2022,Songs,1,We Don't Talk About Bruno - Encanto
2022,Songs,2,Surface Pressure - Encanto
2022,Songs,3,Jiggle Jiggle - Duke & Jones and Louis Theroux
2022,Songs,4,Unholy - Sam Smith and Kim Petras
2022,Songs,5,As It Was - Harry Styles
2022,Songs,6,Running Up That Hill - Kate Bush
2022,Songs,7,Glimpse of Us - Joji
2022,Songs,8,About Damn Time - Lizzo
2022,Songs,9,Anti-Hero - Taylor Swift
2022,Songs,10,What Else Can I Do  - Encanto
2022,Passings,1,Betty White
2022,Passings,2,Queen Elizabeth
2022,Passings,3,Bob Saget
2022,Passings,4,Anne Heche
2022,Passings,5,Aaron Carter
2022,Passings,6,Olivia Newton-John
2022,Passings,7,Ray Liotta
2022,Passings,8,Leslie Jordan
2022,Passings,9,Takeoff
2022,Passings,10,Taylor Hawkins
2022,People,1,Johnny Depp
2022,People,2,Will Smith
2022,People,3,Amber Heard
2022,People,4,Antonio Brown
2022,People,5,Kari Lake
2022,People,6,Anna Sorokin (Delvey)
2022,People,7,Chris Rock
2022,People,8,Andrew Tate
2022,People,9,Adam Levine
2022,People,10,Serena Williams
2022,Near me,1,Gas prices near me
2022,Near me,2,At home COVID test near me
2022,Near me,3,Voting near me
2022,Near me,4,Early voting near me
2022,Near me,5,PCR test near me
2022,Near me,6,COVID booster near me
2022,Near me,7,Easter egg hunt near me
2022,Near me,8,Where to vote near me
2022,Near me,9,Concerts near me
2022,Near me,10,n95 masks near me
2022,Definitions,1,Rupee
2022,Definitions,2,Oligarch
2022,Definitions,3,Cacao
2022,Definitions,4,Homer
2022,Definitions,5,Recession
2022,Definitions,6,Canny
2022,Definitions,7,Foray
2022,Definitions,8,Trove
2022,Definitions,9,Saute
2022,Definitions,10,Tacit
2023,Trends,1,Roman empire trend
2023,Trends,2,Moon phase trend
2023,Trends,3,AI yearbook trend
2023,Trends,4,Instagram notes number trend
2023,Trends,5,Fruit Roll-Ups trend
2023,Trends,6,Grimace shake trend
2023,Trends,7,Girl dinner trend
2023,Trends,8,Red boots trend
2023,Trends,9,Dupe trend
2023,Trends,10,NPC trend
2023,People,1,Damar Hamlin
2023,People,2,Jeremy Renner
2023,People,3,Travis Kelce
2023,People,4,Tucker Carlson
2023,People,5,Lil Tay
2023,People,6,Andrew Tate
2023,People,7,Carlee Russell
2023,People,8,Jamie Foxx
2023,People,9,Danny Masterson
2023,People,10,Matt Rife
2023,Songs,1,Try That In A Small Town - Jason Aldean
2023,Songs,2,Rich Men North of Richmond - Oliver Anthony
2023,Songs,3,Unholy - Sam Smith and Kim Petras
2023,Songs,4,Ella Baila Sola - Eslabon Armado and Peso Pluma
2023,Songs,5,Boy's a liar Pt. 2 - Ice Spice and PinkPantheress
2023,Songs,6,Kill Bill - SZA
2023,Songs,7,Cruel Summer - Taylor Swift
2023,Songs,8,Margaritaville - Jimmy Buffett
2023,Songs,9,"Bzrp Music Sessions, Vol. 53 - Shakira"
2023,Songs,10,vampire - Olivia Rodrigo
2023,Passings,1,Matthew Perry
2023,Passings,2,Tina Turner
2023,Passings,3,Jerry Springer
2023,Passings,4,Jimmy Buffett
2023,Passings,5,Sinéad O'Connor
2023,Passings,6,Ken Block
2023,Passings,7,Tyre Nichols
2023,Passings,8,Lisa Marie Presley
2023,Passings,9,Suzanne Somers
2023,Passings,10,Bob Barker
2023,Recipe,1,Grimace shake
2023,Recipe,2,Lasagna soup
2023,Recipe,3,Chicken cobbler
2023,Recipe,4,Black cake
2023,Recipe,5,Pumptini
2023,Recipe,6,Hugo spritz
2023,Recipe,7,Cowboy butter
2023,Recipe,8,Coronation quiche
2023,Recipe,9,Brazilian lemonade
2023,Recipe,10,Cottage cheese ice cream
2023,TV Shows,1,The Last of Us
2023,TV Shows,2,Ginny & Georgia
2023,TV Shows,3,Queen Charlotte: A Bridgerton Story
2023,TV Shows,4,Daisy Jones & The Six
2023,TV Shows,5,Wednesday
2023,TV Shows,6,That '90s Show
2023,TV Shows,7,Kaleidoscope
2023,TV Shows,8,Beef
2023,TV Shows,9,The Idol
2023,TV Shows,10,The Fall of the House of Usher
2023,Games,1,Hogwarts Legacy
2023,Games,2,Connections
2023,Games,3,Baldur's Gate 3
2023,Games,4,Starfield
2023,Games,5,Diablo IV
2023,Games,6,The Legend of Zelda: Tears of the Kingdom
2023,Games,7,Atomic Heart
2023,Games,8,Dead Island 2
2023,Games,9,Sons of the Forest
2023,Games,10,Mortal Kombat 1
2023,Meme,1,Kevin James
2023,Meme,2,Ohio
2023,Meme,3,Police girl
2023,Meme,4,Folding chair
2023,Meme,5,Smurf cat
2023,Meme,6,The waffle house new host
2023,Meme,7,One two buckle my shoe
2023,Meme,8,Animan Studios
2023,Meme,9,Selena Gomez
2023,Meme,10,Submarine
2023,Athletes,1,Damar Hamlin
2023,Athletes,2,Travis Kelce
2023,Athletes,3,Brock Purdy
2023,Athletes,4,Lamar Jackson
2023,Athletes,5,Jalen Hurts
2023,Athletes,6,Nick Chubb
2023,Athletes,7,Wander Franco
2023,Athletes,8,Will Levis
2023,Athletes,9,Mac McClung
2023,Athletes,10,Jon Jones
2023,Movies,1,Barbie
2023,Movies,2,Oppenheimer
2023,Movies,3,Sound of Freedom
2023,Movies,4,Everything Everywhere All at Once
2023,Movies,5,Guardians of the Galaxy Vol. 3
2023,Movies,6,The Super Mario Bros. Movie
2023,Movies,7,Creed III
2023,Movies,8,John Wick: Chapter 4
2023,Movies,9,Five Nights at Freddy's
2023,Movies,10,Cocaine Bear
2023,Musicians,1,Jason Aldean
2023,Musicians,2,Ice Spice
2023,Musicians,3,Oliver Anthony
2023,Musicians,4,Peso Pluma
2023,Musicians,5,Joe Jonas
2023,Musicians,6,Sam Smith
2023,Musicians,7,Matt Healy
2023,Musicians,8,Kellie Pickler
2023,Musicians,9,Kim Petras
2023,Musicians,10,Sexyy Red
2023,Vs,1,Lakers vs Warriors
2023,Vs,2,Lakers vs Nuggets
2023,Vs,3,Jake Paul vs Tommy Fury
2023,Vs,4,Heat vs Nuggets
2023,Vs,5,Jake Paul vs Nate Diaz
2023,Vs,6,Bills vs Bengals
2023,Vs,7,Lakers vs Grizzlies
2023,Vs,8,TCU vs Georgia
2023,Vs,9,Colorado vs Oregon
2023,Vs,10,Eagles vs 49ers
2023,Actors,1,Jeremy Renner
2023,Actors,2,Jamie Foxx
2023,Actors,3,Danny Masterson
2023,Actors,4,Matt Rife
2023,Actors,5,Pedro Pascal
2023,Actors,6,Jonathan Majors
2023,Actors,7,Sophie Turner
2023,Actors,8,Russell Brand
2023,Actors,9,Ke Huy Quan
2023,Actors,10,Josh Hutcherson
2023,News,1,War in Israel and Gaza
2023,News,2,Titanic submarine
2023,News,3,Hurricane Hilary
2023,News,4,Hurricane Idalia
2023,News,5,Hurricane Lee
2023,News,6,Maine shooting
2023,News,7,Nashville shooting
2023,News,8,Maui fire
2023,News,9,Idaho murder trial
2023,News,10,Canada wildfires
2023,Explained,1,The Menu explained
2023,Explained,2,No One Will Save You explained
2023,Explained,3,Silo explained
2023,Explained,4,Reptile explained
2023,Explained,5,Israel Palestine conflict explained
2023,Explained,6,Beef explained
2023,Explained,7,White Noise explained
2023,Explained,8,Loki ending explained
2023,Explained,9,NBA In-Season Tournament explained
2023,Explained,10,Title 42 explained
2023,Books,1,My Fault - Mercedes Ron
2023,Books,2,Fourth Wing - Rebecca Yarros
2023,Books,3,Hello Beautiful: A Novel - Ann Napolitano
2023,Books,4,"The Wager: A Tale of Shipwreck, Mutiny and Murder - David Grann"
2023,Books,5,"Red, White & Royal Blue - Casey McQuiston"
2023,Books,6,Happy Place - Emily Henry
2023,Books,7,American Prometheus - Kai Bird and Martin J. Sherwin
2023,Books,8,The Ballad of Songbirds and Snakes - Suzanne Collins
2023,Books,9,The Ritual - Shantel Tessier
2023,Books,10,"Spare - Prince Harry, Duke of Sussex"
2024,Searches,1,Election
2024,Searches,2,Donald Trump
2024,Searches,3,Connections
2024,Searches,4,New York Yankees
2024,Searches,5,Kamala Harris
2024,Searches,6,Copa América
2024,Searches,7,Hurricane Milton tracker
2024,Searches,8,Olympic medal count
2024,Searches,9,Toby Keith
2024,Searches,10,Liam Payne
2024,Passings,1,Toby Keith
2024,Passings,2,Liam Payne
2024,Passings,3,O. J. Simpson
2024,Passings,4,James Earl Jones
2024,Passings,5,Rich Homie Quan
2024,Passings,6,Thomas Matthew Crooks
2024,Passings,7,Shannen Doherty
2024,Passings,8,Carl Weathers
2024,Passings,9,Richard Simmons
2024,Passings,10,Maggie Smith
2024,People,1,Donald Trump
2024,People,2,Kamala Harris
2024,People,3,JD Vance
2024,People,4,Joe Biden
2024,People,5,"Catherine, Princess of Wales"
2024,People,6,Tim Walz
2024,People,7,Mike Tyson
2024,People,8,Jill Stein
2024,People,9,Usher
2024,People,10,Imane Khelif
2024,News,1,Election
2024,News,2,Copa América
2024,News,3,Olympics
2024,News,4,Hurricane Milton
2024,News,5,Paralympics
2024,News,6,Project 2025
2024,News,7,Trump shot
2024,News,8,House election results
2024,News,9,Heat advisory
2024,News,10,Hurricane Helene
2024,Actors,1,Katt Williams
2024,Actors,2,Jacob Elordi
2024,Actors,3,Glen Powell
2024,Actors,4,Jeremy Allen White
2024,Actors,5,Shane Gillis
2024,Actors,6,Hugh Jackman
2024,Actors,7,Barry Keoghan
2024,Actors,8,Adam Brody
2024,Actors,9,Ella Purnell
2024,Actors,10,Jodie Foster
2024,Celebrity Duos,1,Blake Shelton and Gwen Stefani
2024,Celebrity Duos,2,Justin and Hailey Bieber
2024,Celebrity Duos,3,Vanna White and Ryan Seacrest
2024,Celebrity Duos,4,Ben Affleck and Jennifer Lopez
2024,Celebrity Duos,5,Abby and Brittany Hensel
2024,Celebrity Duos,6,Taylor Swift and Travis Kelce
2024,Celebrity Duos,7,Kourtney Kardashian and Travis Barker
2024,Celebrity Duos,8,Kevin Costner and Jewel
2024,Celebrity Duos,9,Common and Jennifer Hudson
2024,Celebrity Duos,10,Brad Pitt and Angelina Jolie
2024,Movies,1,Inside Out 2
2024,Movies,2,Beetlejuice Beetlejuice
2024,Movies,3,It Ends with Us
2024,Movies,4,Saltburn
2024,Movies,5,Dune: Part Two
2024,Movies,6,Twisters
2024,Movies,7,Deadpool & Wolverine
2024,Movies,8,Despicable Me 4
2024,Movies,9,Terrifier 3
2024,Movies,10,Alien: Romulus
2024,Performance,1,Raygun full performance
2024,Performance,2,Ryan Gosling Oscars
2024,Performance,3,Toby Keith last performance
2024,Performance,4,Miley Cyrus Grammys
2024,Performance,5,Celine Dion olympics
2024,Performance,6,Usher Super Bowl
2024,Performance,7,Katy Perry VMA
2024,Performance,8,Gojira Olympics
2024,Performance,9,Chappell Roan VMA
2024,Performance,10,Tracy Chapman grammys
2024,TV Shows,1,Griselda
2024,TV Shows,2,Quiet on Set: The Dark Side of Kids TV
2024,TV Shows,3,Baby Reindeer
2024,TV Shows,4,Fallout
2024,TV Shows,5,The Perfect Couple
2024,TV Shows,6,Shōgun
2024,TV Shows,7,Fool Me Once
2024,TV Shows,8,Nobody Wants This
2024,TV Shows,9,House of the Dragon
2024,TV Shows,10,Your Honor
2024,Athletes,1,Mike Tyson
2024,Athletes,2,Imane Khelif
2024,Athletes,3,Simone Biles
2024,Athletes,4,Scottie Scheffler
2024,Athletes,5,Jake Paul
2024,Athletes,6,Anthony Edwards
2024,Athletes,7,Caitlin Clark
2024,Athletes,8,Harrison Butker
2024,Athletes,9,Jordan Chiles
2024,Athletes,10,Brandon Aiyuk
2024,Sports Teams,1,New York Yankees
2024,Sports Teams,2,Los Angeles Dodgers
2024,Sports Teams,3,New York Mets
2024,Sports Teams,4,Boston Celtics
2024,Sports Teams,5,Minnesota Timberwolves
2024,Sports Teams,6,Dallas Mavericks
2024,Sports Teams,7,Indiana Fever
2024,Sports Teams,8,Indiana Pacers
2024,Sports Teams,9,San Diego Padres
2024,Sports Teams,10,Cleveland Guardians
2024,Workouts,1,Somatic workout
2024,Workouts,2,Indoor walking workout
2024,Workouts,3,LE SSERAFIM workout
2024,Workouts,4,28 day calisthenics workout
2024,Workouts,5,Boat workout
2024,Workouts,6,Wolverine workout
2024,Workouts,7,Croatian press workout
2024,Workouts,8,Chair workout
2024,Workouts,9,2-2-10 method workout
2024,Workouts,10,3-2-1 method workout
2024,Musicians,1,Usher
2024,Musicians,2,Diddy
2024,Musicians,3,Kendrick Lamar
2024,Musicians,4,Drake
2024,Musicians,5,Justin Timberlake
2024,Musicians,6,Ingrid Andress
2024,Musicians,7,Sabrina Carpenter
2024,Musicians,8,Drake Bell
2024,Musicians,9,Chappell Roan
2024,Musicians,10,Tracy Chapman
2024,Music Tours,1,Sweat Tour
2024,Music Tours,2,Short n' Sweet Tour
2024,Music Tours,3,We Trust You Tour
2024,Music Tours,4,Queens of R&B Tour
2024,Music Tours,5,Outlaw Music Festival Tour
2024,Music Tours,6,Hot Girl Summer Tour
2024,Music Tours,7,11:11 Tour
2024,Music Tours,8,Hit Me Hard and Soft: The Tour
2024,Music Tours,9,Tucker Wetmore Tour
2024,Music Tours,10,Last Lap Tour
2024,Songs,1,Not Like Us - Kendrick Lamar
2024,Songs,2,meet the grahams - Kendrick Lamar
2024,Songs,3,Thick Of It - KSI
2024,Songs,4,Euphoria - Kendrick Lamar
2024,Songs,5,Fast Car - Tracy Chapman & Luke Combs
2024,Songs,6,Houdini - Eminem
2024,Songs,7,"yes, and? - Ariana Grande"
2024,Songs,8,But Daddy I Love Him - Taylor Swift
2024,Songs,9,Espresso - Sabrina Carpenter
2024,Songs,10,Please Please Please - Sabrina Carpenter
2024,Recipe,1,Olympics chocolate muffins
2024,Recipe,2,Tanghulu
2024,Recipe,3,Tini's mac and cheese
2024,Recipe,4,Mama Kelce's cookie
2024,Recipe,5,Dense bean salad
2024,Recipe,6,Dubai chocolate bar
2024,Recipe,7,Logan cucumbers
2024,Recipe,8,Onion boil
2024,Recipe,9,Sleepy girl mocktail
2024,Recipe,10,Chia water
2024,Pickle Recipe,1,Dill pickle bread recipe
2024,Pickle Recipe,2,Daikon radish pickle recipe
2024,Pickle Recipe,3,Pickled cucumber salad recipe
2024,Pickle Recipe,4,Pickle Dr. Pepper recipe
2024,Pickle Recipe,5,Refrigerator pickle brine recipe
2024,Pickle Recipe,6,Pickled banana peppers recipe
2024,Pickle Recipe,7,Dill pickle chicken salad recipe
2024,Pickle Recipe,8,Pickle sandwich recipe
2024,Pickle Recipe,9,Pickle peppers recipe
2024,Pickle Recipe,10,Water bath pickles recipe
2024,Games,1,Connections
2024,Games,2,Strands
2024,Games,3,Infinite Craft
2024,Games,4,Palworld
2024,Games,5,Sprunki
2024,Games,6,Black Myth: Wukong
2024,Games,7,Block Blast!
2024,Games,8,Dragon's Dogma II
2024,Games,9,Wuthering Waves
2024,Games,10,Call of Duty: Black Ops 6
2024,Internet Theory,1,Burnt toast theory
2024,Internet Theory,2,Orange peel theory
2024,Internet Theory,3,October theory
2024,Internet Theory,4,Invisible string theory
2024,Internet Theory,5,Taxi cab theory
2024,Internet Theory,6,Birth order dating theory
2024,Internet Theory,7,Let them theory
2024,Internet Theory,8,Men's first love theory
2024,Internet Theory,9,Ladder theory
2024,Internet Theory,10,Blue nail theory
2024,Trend Meaning,1,Demure
2024,Trend Meaning,2,Give me my money
2024,Trend Meaning,3,English or Spanish
2024,Trend Meaning,4,This and yap
2024,Trend Meaning,5,17 diapers
2024,Trend Meaning,6,Hear me out
2024,Trend Meaning,7,Coquette
2024,Trend Meaning,8,Roman empire
2024,Trend Meaning,9,Brat
2024,Trend Meaning,10,Big back
