Date,Discipline,Sub-discipline,Gold Name,Gold Country,Silver Name,Silver Country,Bronze Name,Bronze Country,,Record
7/27/2024,Shooting,10m Air Rifle Mixed Team Bronze Medal Match,,,,,Kazakhstan,KAZ,,
7/27/2024,Shooting,10m Air Rifle Mixed Team Gold Medal Match,China,CHN,Korea,KOR,,,,
7/27/2024,Diving,Women's Synchronised 3m Springboard Final,China,CHN,United States,USA,Great Britain,GBR,,
7/27/2024,Cycling Road,Women's Individual Time Trial,Grace BROWN,AUS,Anna HENDERSON,GBR,Chloe DYGERT,USA,,
7/27/2024,Cycling Road,Men's Individual Time Trial,Remco EVENEPOEL,BEL,Filippo GANNA,ITA,Wout van AERT,BEL,,
7/27/2024,Judo,Women -48 kg Contest for Bronze Medal A,,,,,Shirine BOUKLI,FRA,,
7/27/2024,Judo,Women -48 kg Contest for Bronze Medal B,,,,,Tara BABULFATH,SWE,,
7/27/2024,Judo,Women -48 kg Final,TSUNODA Natsumi,JPN,Baasankhuu BAVUUDORJ,MGL,,,,
7/27/2024,Judo,Men -60 kg Contest for Bronze Medal A,,,,,NAGAYAMA Ryuju,JPN,,
7/27/2024,Judo,Men -60 kg Contest for Bronze Medal B,,,,,Francisco GARRIGOS,ESP,,
7/27/2024,Judo,Men -60 kg Final,Yeldos SMETOV,KAZ,Luka MKHEIDZE,FRA,,,,
7/27/2024,Rugby Sevens,Men's Bronze Medal Match,,,,,South Africa,RSA,,
7/27/2024,Rugby Sevens,Men's Gold Medal Match,France,FRA,Fiji,FIJ,,,,
7/27/2024,Fencing,Women's Épée Individual Bronze Medal Bout,,,,,Eszter MUHARI,HUN,,
7/27/2024,Swimming,Men's 400m Freestyle Final,Lukas MAERTENS,GER,Elijah WINNINGTON,AUS,KIM Woomin,KOR,,
7/27/2024,Swimming,Women's 400m Freestyle Final,Ariarne TITMUS,AUS,Summer McINTOSH,CAN,Katie LEDECKY,USA,,
7/27/2024,Fencing,Men's Sabre Individual Bronze Medal Bout,,,,,Luigi SAMELE,ITA,,
7/27/2024,Fencing,Women's Épée Individual Gold Medal Bout,KONG Man Wai Vivian,HKG,Auriane MALLO-BRETON,FRA,,,,
7/27/2024,Swimming,Women's 4 x 100m Freestyle Relay Final,Australia,AUS,United States,USA,China,CHN,,OR
7/27/2024,Swimming,Men's 4 x 100m Freestyle Relay Final,United States,USA,Australia,AUS,Italy,ITA,,
7/27/2024,Fencing,Men's Sabre Individual Gold Medal Bout,OH Sanguk,KOR,Fares FERJANI,TUN,,,,
7/28/2024,Shooting,10m Air Pistol Men's Final,XIE Yu,CHN,Federico Nilo MALDINI,ITA,Paolo MONNA,ITA,,
7/28/2024,Shooting,10m Air Pistol Women's Final,OH Ye Jin,KOR,KIM Yeji,KOR,Manu BHAKER,IND,,OR
7/28/2024,Cycling Mountain Bike,Women's Cross-country,Pauline FERRAND PREVOT,FRA,Haley BATTEN,USA,Jenny RISSVEDS,SWE,,
7/28/2024,Archery,Women's Team Bronze Medal Match,,,,,Mexico,MEX,,
7/28/2024,Judo,Men -66 kg Contest for Bronze Medal A,,,,,Gusman KYRGYZBAYEV,KAZ,,
7/28/2024,Judo,Men -66 kg Contest for Bronze Medal B,,,,,Denis VIERU,MDA,,
7/28/2024,Judo,Men -66 kg Final,ABE Hifumi,JPN,Willian LIMA,BRA,,,,
7/28/2024,Judo,Women -52 kg Contest for Bronze Medal A,,,,,Larissa PIMENTA,BRA,,
7/28/2024,Judo,Women -52 kg Contest for Bronze Medal B,,,,,Amandine BUCHARD,FRA,,
7/28/2024,Judo,Women -52 kg Final,Diyora KELDIYOROVA,UZB,Distria KRASNIQI,KOS,,,,
7/28/2024,Skateboarding,Women's Street Final,YOSHIZAWA Coco,JPN,AKAMA Liz,JPN,Rayssa LEAL,BRA,,
7/28/2024,Archery,Women's Team Gold Medal Match,Korea,KOR,China,CHN,,,,
7/28/2024,Canoe Slalom,Women's Kayak Single Final,Jessica FOX,AUS,Klaudia ZWOLINSKA,POL,Kimberley WOODS,GBR,,
7/28/2024,Swimming,Men's 400m Individual Medley Final,Leon MARCHAND,FRA,MATSUSHITA Tomoyuki,JPN,Carson FOSTER,USA,,OR
7/28/2024,Swimming,Women's 100m Butterfly Final,Torri HUSKE,USA,Gretchen WALSH,USA,ZHANG Yufei,CHN,,
7/28/2024,Fencing,Women's Foil Individual Bronze Medal Bout,,,,,Eleanor HARVEY,CAN,,
7/28/2024,Fencing,Men's Épée Individual Bronze Medal Bout,,,,,Mohamed ELSAYED,EGY,,
7/28/2024,Swimming,Men's 100m Breaststroke Final,Nicolo MARTINENGHI,ITA,Adam PEATY,GBR,,,,
7/28/2024,Swimming,Men's 100m Breaststroke Final,,,Nic FINK,USA,,,,
7/28/2024,Fencing,Women's Foil Individual Gold Medal Bout,Lee KIEFER,USA,Lauren SCRUGGS,USA,,,,
7/28/2024,Fencing,Men's Épée Individual Gold Medal Bout,KANO Koki,JPN,Yannick BOREL,FRA,,,,
7/29/2024,Shooting,10m Air Rifle Women's Final,BAN Hyojin,KOR,HUANG Yuting,CHN,Audrey GOGNIAT,SUI,,OR
7/29/2024,Diving,Men's Synchronised 10m Platform Final,China,CHN,Great Britain,GBR,Canada,CAN,,
7/29/2024,Equestrian,Eventing Team Jumping Final,Great Britain,GBR,France,FRA,Japan,JPN,,
7/29/2024,Shooting,10m Air Rifle Men's Final,SHENG Lihao,CHN,Victor LINDGREN,SWE,Miran MARICIC,CRO,,OR
7/29/2024,Cycling Mountain Bike,Men's Cross-country,Thomas PIDCOCK,GBR,Victor KORETZKY,FRA,Alan HATHERLY,RSA,,
7/29/2024,Equestrian,Eventing Individual Jumping Final,Michael JUNG,GER,Christopher BURTON,AUS,Laura COLLETT,GBR,,
7/29/2024,Archery,Men's Team Bronze Medal Match,,,,,Türkiye,TUR,,
7/29/2024,Judo,Women -57 kg Contest for Bronze Medal A,,,,,FUNAKUBO Haruka,JPN,,
7/29/2024,Judo,Women -57 kg Contest for Bronze Medal B,,,,,Sarah Leonie CYSIQUE,FRA,,
7/29/2024,Judo,Women -57 kg Final,Christa DEGUCHI,CAN,HUH Mimi,KOR,,,,
7/29/2024,Judo,Men -73 kg Contest for Bronze Medal A,,,,,Adil OSMANOV,MDA,,
7/29/2024,Judo,Men -73 kg Contest for Bronze Medal B,,,,,HASHIMOTO Soichi,JPN,,
7/29/2024,Judo,Men -73 kg Final,Hidayat HEYDAROV,AZE,Joan-Benjamin GABA,FRA,,,,
7/29/2024,Skateboarding,Men's Street Final,HORIGOME Yuto,JPN,Jagger EATON,USA,Nyjah HUSTON,USA,,
7/29/2024,Archery,Men's Team Gold Medal Match,Korea,KOR,France,FRA,,,,
7/29/2024,Canoe Slalom,Men's Canoe Single Final,Nicolas GESTIN,FRA,Adam BURGESS,GBR,Matej BENUS,SVK,,
7/29/2024,Artistic Gymnastics,Men's Team Final,Japan,JPN,China,CHN,United States,USA,,
7/29/2024,Swimming,Women's 400m Individual Medley Final,Summer McINTOSH,CAN,Katie GRIMES,USA,Emma WEYANT,USA,,
7/29/2024,Swimming,Men's 200m Freestyle Final,David POPOVICI,ROU,Matthew RICHARDS,GBR,Luke HOBSON,USA,,
7/29/2024,Fencing,Women's Sabre Individual Bronze Medal Bout,,,,,Olga KHARLAN,UKR,,
7/29/2024,Fencing,Men's Foil Individual Bronze Medal Bout,,,,,Nick ITKIN,USA,,
7/29/2024,Swimming,Men's 100m Backstroke Final,Thomas CECCON,ITA,XU Jiayu,CHN,Ryan MURPHY,USA,,
7/29/2024,Swimming,Women's 100m Breaststroke Final,Tatjana SMITH,RSA,TANG Qianting,CHN,Mona Mc SHARRY,IRL,,
7/29/2024,Fencing,Women's Sabre Individual Gold Medal Bout,Manon APITHY-BRUNET,FRA,Sara BALZER,FRA,,,,
7/29/2024,Swimming,Women's 200m Freestyle Final,Mollie O'CALLAGHAN,AUS,Ariarne TITMUS,AUS,HAUGHEY Siobhan Bernadette,HKG,,OR
7/29/2024,Fencing,Men's Foil Individual Gold Medal Bout,CHEUNG Ka Long,HKG,Filippo MACCHI,ITA,,,,
7/30/2024,Shooting,10m Air Pistol Mixed Team Bronze Medal Match,,,,,India 1,IND,,
7/30/2024,Shooting,10m Air Pistol Mixed Team Gold Medal Match,Serbia,SRB,Türkiye 2,TUR,,,,
7/30/2024,Table Tennis,Mixed Doubles Bronze Medal Match,,,,,LIM/SHIN,KOR,,
7/30/2024,Table Tennis,Mixed Doubles Gold Medal Match,WANG/SUN,CHN,RI/KIM,PRK,,,,
7/30/2024,Shooting,Trap Men's Final,Nathan HALES,GBR,QI Ying,CHN,Jean Pierre BROL CARDENAS,GUA,,
7/30/2024,Judo,Men -81 kg Contest for Bronze Medal A,,,,,LEE Joonhwan,KOR,,
7/30/2024,Judo,Men -81 kg Contest for Bronze Medal B,,,,,Somon MAKHMADBEKOV,TJK,,
7/30/2024,Judo,Men -81 kg Final,NAGASE Takanori,JPN,Tato GRIGALASHVILI,GEO,,,,
7/30/2024,Judo,Women -63 kg Contest for Bronze Medal A,,,,,Clarisse AGBEGNENOU,FRA,,
7/30/2024,Judo,Women -63 kg Contest for Bronze Medal B,,,,,Laura FAZLIU,KOS,,
7/30/2024,Judo,Women -63 kg Final,Andreja LESKI,SLO,Prisca AWITI ALCARAZ,MEX,,,,
7/30/2024,Artistic Gymnastics,Women's Team Final,United States,USA,Italy,ITA,Brazil,BRA,,
7/30/2024,Rugby Sevens,Women's Bronze Medal Match,,,,,United States,USA,,
7/30/2024,Fencing,Women's Épée Team Bronze Medal Match,,,,,Poland,POL,,
7/30/2024,Fencing,Women's Épée Team Gold Medal Match,Italy,ITA,France,FRA,,,,
7/30/2024,Rugby Sevens,Women's Gold Medal Match,New Zealand,NZL,Canada,CAN,,,,
7/30/2024,Swimming,Women's 100m Backstroke Final,Kaylee McKEOWN,AUS,Regan SMITH,USA,Katharine BERKOFF,USA,,
7/30/2024,Swimming,Men's 800m Freestyle Final,Daniel WIFFEN,IRL,Bobby FINKE,USA,Gregorio PALTRINIERI,ITA,,
7/30/2024,Swimming,Men's 4 x 200m Freestyle Relay Final,Great Britain,GBR,United States,USA,Australia,AUS,,
7/31/2024,Triathlon,Women's Individual,Cassandre BEAUGRAND,FRA,Julie DERRON,SUI,Beth POTTER,GBR,,
7/31/2024,Triathlon,Men's Individual,Alex YEE,GBR,Hayden WILDE,NZL,Leo BERGERE,FRA,,
7/31/2024,Diving,Women's Synchronised 10m Platform Final,China,CHN,DPR Korea,PRK,Great Britain,GBR,,
7/31/2024,Rowing,Men's Quadruple Sculls Final A,Netherlands,NED,Italy,ITA,Poland,POL,,
7/31/2024,Rowing,Women's Quadruple Sculls Final A,Great Britain,GBR,Netherlands,NED,Germany,GER,,
7/31/2024,Cycling BMX Freestyle,Women's Park Final,DENG Yawen,CHN,Perris BENEGAS,USA,Natalya DIEHM,AUS,,
7/31/2024,Cycling BMX Freestyle,Men's Park Final,Jose TORRES GIL,ARG,Kieran Darren David REILLY,GBR,Anthony JEANJEAN,FRA,,
7/31/2024,Shooting,Trap Women's Final,Adriana RUANO OLIVA,GUA,Silvana Maria STANCO,ITA,Penny SMITH,AUS,,
7/31/2024,Judo,Women -70 kg Contest for Bronze Medal A,,,,,Michaela POLLERES,AUT,,
7/31/2024,Judo,Women -70 kg Contest for Bronze Medal B,,,,,Gabriella WILLEMS,BEL,,
7/31/2024,Judo,Women -70 kg Final,Barbara MATIC,CRO,Miriam BUTKEREIT,GER,,,,
7/31/2024,Judo,Men -90 kg Contest for Bronze Medal A,,,,,Maxime-Gael NGAYAP HAMBOU,FRA,,
7/31/2024,Judo,Men -90 kg Contest for Bronze Medal B,,,,,Theodoros TSELIDIS,GRE,,
7/31/2024,Judo,Men -90 kg Final,Lasha BEKAURI,GEO,MURAO Sanshiro,JPN,,,,
7/31/2024,Canoe Slalom,Women's Canoe Single Final,Jessica FOX,AUS,Elena LILIK,GER,Evy LEIBFARTH,USA,,
7/31/2024,Artistic Gymnastics,Men's All-Around Final,OKA Shinnosuke,JPN,ZHANG Boheng,CHN,XIAO Ruoteng,CHN,,
7/31/2024,Fencing,Men's Sabre Team Bronze Medal Match,,,,,France,FRA,,
7/31/2024,Fencing,Men's Sabre Team Gold Medal Match,Korea,KOR,Hungary,HUN,,,,
7/31/2024,Swimming,Women's 100m Freestyle Final,Sarah SJOESTROEM,SWE,Torri HUSKE,USA,HAUGHEY Siobhan Bernadette,HKG,,
7/31/2024,Swimming,Men's 200m Butterfly Final,Leon MARCHAND,FRA,Kristof MILAK,HUN,Ilya KHARUN,CAN,,
7/31/2024,Swimming,Women's 1500m Freestyle Final,Katie LEDECKY,USA,Anastasiia KIRPICHNIKOVA,FRA,Isabel GOSE,GER,,OR
7/31/2024,Swimming,Men's 200m Breaststroke Final,Leon MARCHAND,FRA,Zac STUBBLETY-COOK,AUS,Caspar CORBEAU,NED,,
7/31/2024,Swimming,Men's 100m Freestyle Final,PAN Zhanle,CHN,Kyle CHALMERS,AUS,David POPOVICI,ROU,,WR
8/1/2024,Athletics,Men's 20km Race Walk,Brian Daniel PINTADO,ECU,Caio BONFIM,BRA,Alvaro MARTIN,ESP,,
8/1/2024,Shooting,50m Rifle 3 Positions Men's Final,LIU Yukun,CHN,Serhiy KULISH,UKR,Swapnil KUSALE,IND,,
8/1/2024,Athletics,Women's 20km Race Walk,YANG Jiayu,CHN,Maria PEREZ,ESP,Jemima MONTAG,AUS,,
8/1/2024,Rowing,Women's Double Sculls Final A,New Zealand,NZL,Romania,ROU,Great Britain,GBR,,
8/1/2024,Rowing,Men's Double Sculls Final A,Romania,ROU,Netherlands,NED,Ireland,IRL,,
8/1/2024,Rowing,Women's Four Final A,Netherlands,NED,Great Britain,GBR,New Zealand,NZL,,
8/1/2024,Rowing,Men's Four Final A,United States,USA,New Zealand,NZL,Great Britain,GBR,,
8/1/2024,Judo,Men -100 kg Contest for Bronze Medal A,,,,,Peter PALTCHIK,ISR,,
8/1/2024,Judo,Men -100 kg Contest for Bronze Medal B,,,,,Muzaffarbek TUROBOYEV,UZB,,
8/1/2024,Judo,Men -100 kg Final,Zelym KOTSOIEV,AZE,Ilia SULAMANIDZE,GEO,,,,
8/1/2024,Judo,Women -78 kg Contest for Bronze Medal A,,,,,MA Zhenzhao,CHN,,
8/1/2024,Judo,Women -78 kg Contest for Bronze Medal B,,,,,Patricia SAMPAIO,POR,,
8/1/2024,Judo,Women -78 kg Final,Alice BELLANDI,ITA,Inbar LANIR,ISR,,,,
8/1/2024,Canoe Slalom,Men's Kayak Single Final,Giovanni de GENNARO,ITA,Titouan CASTRYCK,FRA,Pau ECHANIZ,ESP,,
8/1/2024,Artistic Gymnastics,Women's All-Around Final,Simone BILES,USA,Rebeca ANDRADE,BRA,Sunisa LEE,USA,,
8/1/2024,Fencing,Women's Foil Team Bronze Medal Match,,,,,Japan,JPN,,
8/1/2024,Fencing,Women's Foil Team Gold Medal Match,United States,USA,Italy,ITA,,,,
8/1/2024,Swimming,Women's 200m Butterfly Final,Summer McINTOSH,CAN,Regan SMITH,USA,ZHANG Yufei,CHN,,
8/1/2024,Swimming,Men's 200m Backstroke Final,Hubert KOS,HUN,Apostolos CHRISTOU,GRE,Roman MITYUKOV,SUI,,
8/1/2024,Swimming,Women's 200m Breaststroke Final,Kate DOUGLASS,USA,Tatjana SMITH,RSA,Tes SCHOUTEN,NED,,
8/1/2024,Swimming,Women's 4 x 200m Freestyle Relay Final,Australia,AUS,United States,USA,China,CHN,,OR
8/2/2024,Shooting,50m Rifle 3 Positions Women's Final,Chiara LEONE,SUI,Sagen MADDALENA,USA,ZHANG Qiongyue,CHN,,
8/2/2024,Diving,Men's Synchronised 3m Springboard Final,China,CHN,Mexico,MEX,Great Britain,GBR,,
8/2/2024,Rowing,Men's Pair Final A,Croatia,CRO,Great Britain,GBR,Switzerland,SUI,,
8/2/2024,Rowing,Women's Pair Final A,Netherlands,NED,Romania,ROU,Australia,AUS,,
8/2/2024,Tennis,Mixed Doubles Bronze Medal Match,,,,,DABROWSKI/AUGER-ALIAS,CAN,,
8/2/2024,Rowing,Lightweight Men's Double Sculls Final A,Ireland,IRL,Italy,ITA,Greece,GRE,,
8/2/2024,Sailing,Women's Skiff Medal Race,AANHOLT/DUETZ,NED,BOBECK/NETZLER,SWE,STEYAERT/PICON,FRA,,
8/2/2024,Rowing,Lightweight Women's Double Sculls Final A,Great Britain,GBR,Romania,ROU,Greece,GRE,,
8/2/2024,Sailing,Men's Skiff Medal Race,BOTIN/TRITTEL,ESP,McHARDIE/McKENZIE,NZL,BARROWS/HENKEN,USA,,
8/2/2024,Tennis,Women's Singles Bronze Medal Match,,,,,Iga SWIATEK,POL,,
8/2/2024,Trampoline Gymnastics,Women's Final,Bryony PAGE,GBR,Viyaleta BARDZILOUSKAYA,AIN,Sophiane METHOT,CAN,,
8/2/2024,Equestrian,Jumping Team Final,Great Britain,GBR,United States,USA,France,FRA,,
8/2/2024,Badminton,Mixed Doubles Bronze Medal Match,,,,,WATANABE/HIGASHINO,JPN,,
8/2/2024,Badminton,Mixed Doubles Gold Medal Match,ZHENG/HUANG,CHN,KIM/JEONG,KOR,,,,
8/2/2024,Archery,Mixed Team Bronze Medal Match,,,,,United States,USA,,
8/2/2024,Archery,Mixed Team Gold Medal Match,Korea,KOR,Germany,GER,,,,
8/2/2024,Judo,Women +78 kg Contest for Bronze Medal A,,,,,KIM Hayun,KOR,,
8/2/2024,Judo,Women +78 kg Contest for Bronze Medal B,,,,,Romane DICKO,FRA,,
8/2/2024,Judo,Women +78 kg Final,Beatriz SOUZA,BRA,Raz HERSHKO,ISR,,,,
8/2/2024,Judo,Men +100 kg Contest for Bronze Medal A,,,,,Temur RAKHIMOV,TJK,,
8/2/2024,Judo,Men +100 kg Contest for Bronze Medal B,,,,,Alisher YUSUPOV,UZB,,
8/2/2024,Judo,Men +100 kg Final,Teddy RINER,FRA,KIM Minjong,KOR,,,,
8/2/2024,Tennis,Mixed Doubles Gold Medal Match,SINIAKOVA/MACHAC,CZE,WANG/ZHANG,CHN,,,,
8/2/2024,Fencing,Men's Épée Team Bronze Medal Match,,,,,Czechia,CZE,,
8/2/2024,Fencing,Men's Épée Team Gold Medal Match,Hungary,HUN,Japan,JPN,,,,
8/2/2024,Trampoline Gymnastics,Men's Final,Ivan LITVINOVICH,AIN,WANG Zisai,CHN,YAN Langyu,CHN,,
8/2/2024,Swimming,Men's 50m Freestyle Final,Cameron McEVOY,AUS,Benjamin PROUD,GBR,Florent MANAUDOU,FRA,,
8/2/2024,Swimming,Women's 200m Backstroke Final,Kaylee McKEOWN,AUS,Regan SMITH,USA,Kylie MASSE,CAN,,
8/2/2024,Swimming,Men's 200m Individual Medley Final,Leon MARCHAND,FRA,Duncan SCOTT,GBR,WANG Shun,CHN,,
8/2/2024,Athletics,"Men's 10,000m Final",Joshua CHEPTEGEI,UGA,Berihu AREGAWI,ETH,Grant FISHER,USA,,
8/2/2024,Cycling BMX Racing,"Men, Final",Joris DAUDET,FRA,Sylvain ANDRE,FRA,Romain MAHIEU,FRA,,
8/2/2024,Cycling BMX Racing,"Women, Final",Saya SAKAKIBARA,AUS,Manon VEENSTRA,NED,Zoe CLAESSENS,SUI,,
8/3/2024,Shooting,25m Pistol Women's Final,YANG Jiin,KOR,Camille JEDRZEJEWSKI,FRA,Veronika MAJOR,HUN,,
8/3/2024,Equestrian,Dressage Team Grand Prix Special,Germany,GER,Denmark,DEN,Great Britain,GBR,,
8/3/2024,Rowing,Women's Single Sculls Final A,Karolien FLORIJN,NED,Emma TWIGG,NZL,Viktorija SENKUTE,LTU,,
8/3/2024,Rowing,Women's Eight Final A,Romania,ROU,Canada,CAN,Great Britain,GBR,,
8/3/2024,Cycling Road,Men's Road Race,Remco EVENEPOEL,BEL,Valentin MADOUAS,FRA,Christophe LAPORTE,FRA,,
8/3/2024,Rowing,Men's Eight Final A,Great Britain,GBR,Netherlands,NED,United States,USA,,
8/3/2024,Rowing,Men's Single Sculls Final A,Oliver ZEIDLER,GER,Yauheni ZALATY,AIN,Simon van DORP,NED,,
8/3/2024,Tennis,Men's Doubles Gold Medal Match,EBDEN/PEERS,AUS,KRAJICEK/RAM,USA,,,,
8/3/2024,Tennis,Men's Doubles Bronze Medal Match,,,,,FRITZ/PAUL,USA,,
8/3/2024,Tennis,Women's Singles Gold Medal Match,ZHENG Qinwen,CHN,Donna VEKIC,CRO,,,,
8/3/2024,Tennis,Men's Singles Bronze Medal Match,,,,,Lorenzo MUSETTI,ITA,,
8/3/2024,Table Tennis,Women's Singles Bronze Medal Match,,,,,Hina HAYATA,JPN,,
8/3/2024,Sailing,Women's Windsurfing - Final,Marta MAGGETTI,ITA,Sharon KANTOR,ISR,Emma WILSON,GBR,,
8/3/2024,Sailing,Men's Windsurfing - Final,Tom REUVENY,ISR,Grae MORRIS,AUS,Luuc van OPZEELAND,NED,,
8/3/2024,Table Tennis,Women's Singles Gold Medal Match,CHEN Meng,CHN,SUN Yingsha,CHN,,,,
8/3/2024,Archery,Women's Individual Bronze Medal Match,,,,,Lisa BARBELIN,FRA,,
8/3/2024,Archery,Women's Individual Gold Medal Match,LIM Sihyeon,KOR,NAM Suhyeon,KOR,,,,
8/3/2024,Badminton,Women's Doubles Bronze Medal Match,,,,,MATSUYAMA/SHIDA,JPN,,
8/3/2024,Badminton,Women's Doubles Gold Medal Match,CHEN/JIA,CHN,LIU/TAN,CHN,,,,
8/3/2024,Artistic Gymnastics,Men's Floor Exercise Final,Carlos Edriel YULO,PHI,Artem DOLGOPYAT,ISR,Jake JARMAN,GBR,,
8/3/2024,Shooting,Skeet Men's Final,Vincent HANCOCK,USA,Conner Lynn PRINCE,USA,LEE Meng Yuan,TPE,,
8/3/2024,Judo,Mixed Team Bronze Medal A,,,,,Brazil,BRA,,
8/3/2024,Judo,Mixed Team Bronze Medal B,,,,,Korea,KOR,,
8/3/2024,Judo,Mixed Team Final,France,FRA,Japan,JPN,,,,
8/3/2024,Artistic Gymnastics,Women's Vault Final,Simone BILES,USA,Rebeca ANDRADE,BRA,Jade CAREY,USA,,
8/3/2024,Artistic Gymnastics,Men's Pommel Horse Final,Rhys MC CLENAGHAN,IRL,Nariman KURBANOV,KAZ,Stephen NEDOROSCIK,USA,,
8/3/2024,Boxing,Women's 60kg - Semifinal,,,,,WU Shih Yi,TPE,,
8/3/2024,Fencing,Women's Sabre Team Bronze Medal Match,,,,,Japan,JPN,,
8/3/2024,Fencing,Women's Sabre Team Gold Medal Match,Ukraine,UKR,Korea,KOR,,,,
8/3/2024,Athletics,Men's Shot Put Final,Ryan CROUSER,USA,Joe KOVACS,USA,Rajindra CAMPBELL,JAM,,
8/3/2024,Athletics,Women's Triple Jump Final,Thea LAFOND,DMA,Shanieka RICKETTS,JAM,Jasmine MOORE,USA,,
8/3/2024,Swimming,Men's 100m Butterfly Final,Kristof MILAK,HUN,Josh LIENDO,CAN,Ilya KHARUN,CAN,,
8/3/2024,Athletics,4 x 400m Relay Mixed Final,Netherlands,NED,United States,USA,Great Britain,GBR,,
8/3/2024,Swimming,Women's 200m Individual Medley Final,Summer McINTOSH,CAN,Kate DOUGLASS,USA,Kaylee McKEOWN,AUS,,
8/3/2024,Athletics,Women's 100m Final,Julien ALFRED,LCA,Sha'carri RICHARDSON,USA,Melissa JEFFERSON,USA,,
8/3/2024,Swimming,Women's 800m Freestyle Final,Katie LEDECKY,USA,Ariarne TITMUS,AUS,Paige MADDEN,USA,,
8/3/2024,Athletics,Men's Decathlon 1500m,Markus ROOTH,NOR,Leo NEUGEBAUER,GER,Lindon VICTOR,GRN,,
8/3/2024,Swimming,Mixed 4 x 100m Medley Relay Final,United States,USA,China,CHN,Australia,AUS,,
8/3/2024,Boxing,Women's 60kg - Semifinal,,,,,Beatriz Iasmin SOARES FERREIRA,BRA,,
8/4/2024,Golf,Men's Individual Stroke Play Round 4,Scottie SCHEFFLER,USA,Tommy FLEETWOOD,GBR,MATSUYAMA Hideki,JPN,,
8/4/2024,Equestrian,Dressage Individual Grand Prix Freestyle,Jessica von BREDOW-WERNDL,GER,Isabell WERTH,GER,Charlotte FRY,GBR,,
8/4/2024,Tennis,Women's Doubles Bronze Medal Match,,,,,BCSCA/SORRIBES TORMO,ESP,,
8/4/2024,Tennis,Men's Singles Gold Medal Match,Novak DJOKOVIC,SRB,Carlos ALCARAZ,ESP,,,,
8/4/2024,Tennis,Women's Doubles Gold Medal Match,ERRANI/PAOLINI,ITA,ANDREEVA/SHNAIDER,AIN,,,,
8/4/2024,Boxing,Women's 54kg - Semifinal,,,,,PANG Cholmi,PRK,,
8/4/2024,Boxing,Men's 51kg - Semifinal,,,,,Yunior ALCANTARA REYES,DOM,,
8/4/2024,Boxing,Men's 63.5kg - Semifinal,,,,,Wyatt SANFORD,CAN,,
8/4/2024,Boxing,Men's 80kg - Semifinal,,,,,Cristian Javier PINALES,DOM,,
8/4/2024,Boxing,Men's 92kg - Semifinal,,,,,Enmanuel REYES PLA,ESP,,
8/4/2024,Table Tennis,Men's Singles Bronze Medal Match,,,,,Felix LEBRUN,FRA,,
8/4/2024,Cycling Road,Women's Road Race,Kristen FAULKNER,USA,Marianne VOS,NED,Lotte KOPECKY,BEL,,
8/4/2024,Table Tennis,Men's Singles Gold Medal Match,FAN Zhendong,CHN,Truls MOREGARD,SWE,,,,
8/4/2024,Archery,Men's Individual Bronze Medal Match,,,,,LEE Wooseok,KOR,,
8/4/2024,Archery,Men's Individual Gold Medal Match,KIM Woojin,KOR,Brady ELLISON,USA,,,,
8/4/2024,Artistic Gymnastics,Men's Rings Final,LIU Yang,CHN,ZOU Jingyuan,CHN,Eleftherios PETROUNIAS,GRE,,
8/4/2024,Badminton,Men's Doubles Bronze Medal Match,,,,,CHIA/SOH,MAS,,
8/4/2024,Badminton,Men's Doubles Gold Medal Match,LEE/WANG,TPE,LIANG/WANG,CHN,,,,
8/4/2024,Shooting,Skeet Women's Final,Francisca CROVETTO CHADID,CHI,Amber Jo RUTTER,GBR,Austen Jewell SMITH,USA,,
8/4/2024,Artistic Gymnastics,Women's Uneven Bars Final,Kaylia NEMOUR,ALG,QIU Qiyuan,CHN,Sunisa LEE,USA,,
8/4/2024,Artistic Gymnastics,Men's Vault Final,Carlos Edriel YULO,PHI,Artur DAVTYAN,ARM,Harry HEPWORTH,GBR,,
8/4/2024,Boxing,Women's 54kg - Semifinal,,,,,IM Aeji,KOR,,
8/4/2024,Boxing,Men's 51kg - Semifinal,,,,,David de PINA,CPV,,
8/4/2024,Boxing,Men's 63.5kg - Semifinal,,,,,Lasha GURULI,GEO,,
8/4/2024,Boxing,Men's 80kg - Semifinal,,,,,Arlen LOPEZ CARDONA,CUB,,
8/4/2024,Boxing,Men's 92kg - Semifinal,,,,,Davlat BOLTAEV,TJK,,
8/4/2024,Swimming,Women's 50m Freestyle Final,Sarah SJOESTROEM,SWE,Meg HARRIS,AUS,ZHANG Yufei,CHN,,
8/4/2024,Swimming,Men's 1500m Freestyle Final,Bobby FINKE,USA,Gregorio PALTRINIERI,ITA,Daniel WIFFEN,IRL,,
8/4/2024,Fencing,Men's Foil Team Bronze Medal Match,,,,,France,FRA,,
8/4/2024,Fencing,Men's Foil Team Gold Medal Match,Japan,JPN,Italy,ITA,,,,
8/4/2024,Swimming,Men's 4 x 100m Medley Relay Final,China,CHN,United States,USA,France,FRA,,
8/4/2024,Swimming,Women's 4 x 100m Medley Relay Final,United States,USA,Australia,AUS,China,CHN,,
8/4/2024,Athletics,Women's High Jump Final,Yaroslava MAHUCHIKH,UKR,Nicola OLYSLAGERS,AUS,Iryna GERASHCHENKO,UKR,,
8/4/2024,Athletics,Women's High Jump Final,,,,,Eleanor PATTERSON,AUS,,
8/4/2024,Athletics,Men's Hammer Throw Final,Ethan KATZBERG,CAN,Bence HALASZ,HUN,Mykhaylo KOKHAN,UKR,,
8/4/2024,Athletics,Men's 100m Final,Noah LYLES,USA,Kishane THOMPSON,JAM,Fred KERLEY,USA,,
8/5/2024,Triathlon,Mixed Relay,Germany,GER,United States,USA,Great Britain,GBR,,
8/5/2024,Shooting,25m Rapid Fire Pistol Men's Final,LI Yuehong,CHN,CHO Yeongjae,KOR,WANG Xinjie,CHN,,
8/5/2024,Badminton,Women's Singles Gold Medal Match,AN Se Young,KOR,HE Bing Jiao,CHN,,,,
8/5/2024,Badminton,Women's Singles Bronze Medal Match,,,,,Gregoria Mariska Tunjung ,INA,,
8/5/2024,Artistic Gymnastics,Men's Parallel Bars Final,ZOU Jingyuan,CHN,Illia KOVTUN,UKR,OKA Shinnosuke,JPN,,
8/5/2024,Artistic Gymnastics,Women's Balance Beam Final,Alice D'AMATO,ITA,ZHOU Yaqin,CHN,Manila ESPOSITO,ITA,,
8/5/2024,Artistic Gymnastics,Men's Horizontal Bar Final,OKA Shinnosuke,JPN,Angel BARAJAS,COL,ZHANG Boheng,CHN,,
8/5/2024,Artistic Gymnastics,Men's Horizontal Bar Final,,,,,TANG Chia-Hung,TPE,,
8/5/2024,Artistic Gymnastics,Women's Floor Exercise Final,Rebeca ANDRADE,BRA,Simone BILES,USA,Ana BǍRBOSU,ROU,,
8/5/2024,Badminton,Men's Singles Bronze Medal Match,,,,,Zii Jia LEE,MAS,,
8/5/2024,Badminton,Men's Singles Gold Medal Match,Viktor AXELSEN,DEN,Kunlavut VITIDSARN,THA,",ROU",,,
8/5/2024,Shooting,Skeet Mixed Team Bronze Medal Match,,,,,China,CHN,,
8/5/2024,Shooting,Skeet Mixed Team Gold Medal Match,Italy 1,ITA,United States 1,USA,,,,
8/5/2024,Canoe Slalom,Women's Kayak Cross Final,Noemie FOX,AUS,Angele HUG,FRA,Kimberley WOODS,GBR,,
8/5/2024,Canoe Slalom,Men's Kayak Cross Final,Finn BUTCHER,NZL,Joseph CLARKE,GBR,Noah HEGGE,GER,,
8/5/2024,Athletics,Men's Pole Vault Final,Armand DUPLANTIS,SWE,Sam KENDRICKS,USA,Emmanouil KARALIS,GRE,,
8/5/2024,Cycling Track,"Women's Team Sprint, Finals - For Bronze",,,,,Germany,GER,,
8/5/2024,Cycling Track,"Women's Team Sprint, Finals - For Gold",Great Britain,GBR,New Zealand,NZL,,,,
8/5/2024,Athletics,Women's Discus Throw Final,Valarie ALLMAN,USA,FENG Bin,CHN,Sandra ELKASEVIC,CRO,,
8/5/2024,3x3 Basketball,Women's Bronze Medal Game,,,,,United States,USA,,
8/5/2024,Athletics,Women's 5000m Final,Beatrice CHEBET,KEN,Faith KIPYEGON,KEN,Sifan HASSAN,NED,,
8/5/2024,3x3 Basketball,Men's Bronze Medal Game,,,,,Lithuania,LTU,,
8/5/2024,Athletics,Women's 800m Final,Keely HODGKINSON,GBR,Tsige DUGUMA,ETH,Mary MORAA,KEN,,
8/5/2024,3x3 Basketball,Women's Gold Medal Game,Germany,GER,Spain,ESP,,,,
8/5/2024,3x3 Basketball,Men's Gold Medal Game,Netherlands,NED,France,FRA,,,,
8/6/2024,Surfing,Men's Bronze Medal Match,,,,,Gabriel MEDINA,BRA,,
8/5/2024,Surfing,Women's Bronze Medal Match,,,,,Johanne DEFAY,FRA,,
8/5/2024,Surfing,Men's Gold Medal Match,Kauli VAAST,FRA,Jack ROBINSON,AUS,,,,
8/5/2024,Surfing,Women's Gold Medal Match,Caroline MARKS,USA,Tatiana WESTON-WEBB,BRA,,,,
8/6/2024,Equestrian,Jumping Individual Final Jump-Off,Christian KUKUK,GER,Steve GUERDAT,SUI,Maikel van der VLEUTEN,NED,,
8/6/2024,Diving,Women's 10m Platform Final,QUAN Hongchan,CHN,CHEN Yuxi,CHN,KIM Mi Rae,PRK,,
8/6/2024,Skateboarding,Women's Park Final,Arisa TREW,AUS,HIRAKI Cocona,JPN,Sky BROWN,GBR,,
8/6/2024,Wrestling,Men's Greco-Roman 60kg Bronze Medal Match #93,,,,,Zholaman SHARSHENBEKOV,KGZ,,
8/6/2024,Wrestling,Men's Greco-Roman 60kg Bronze Medal Match #94,,,,,RI Se Ung,PRK,,
8/6/2024,Wrestling,Men's Greco-Roman 60kg Final,FUMITA Kenichiro,JPN,CAO Liguo,CHN,,,,
8/6/2024,Wrestling,Men's Greco-Roman 130kg Bronze Medal Match #96,,,,,Amin MIRZAZADEH,IRI,,
8/6/2024,Wrestling,Men's Greco-Roman 130kg Bronze Medal Match #97,,,,,MENG Lingzhe,CHN,,
8/6/2024,Wrestling,Men's Greco-Roman 130kg Final,Mijain LOPEZ NUNEZ,CUB,Yasmani ACOSTA FERNANDEZ,CHI,,,,
8/6/2024,Wrestling,Women's Freestyle 68kg Bronze Medal Match #99,,,,,Buse CAVUSOGLU TOSUN,TUR,,
8/6/2024,Wrestling,Women's Freestyle 68kg Bronze Medal Match #100,,,,,OZAKI Nonoka,JPN,,
8/6/2024,Wrestling,Women's Freestyle 68kg Final,Amit ELOR,USA,Meerim ZHUMANAZAROVA,KGZ,,,,
8/6/2024,Athletics,Women's Hammer Throw Final,Camryn ROGERS,CAN,Annette Nneka ECHIKUNWOKE,USA,ZHAO Jie,CHN,,
8/6/2024,Cycling Track,"Men's Team Sprint, Finals - For Bronze",,,,,Australia,AUS,,
8/6/2024,Cycling Track,"Men's Team Sprint, Finals - For Gold",Netherlands,NED,Great Britain,GBR,,,,
8/6/2024,Athletics,Men's Long Jump Final,Miltiadis TENTOGLOU,GRE,Wayne PINNOCK,JAM,Mattia FURLANI,ITA,,
8/6/2024,Athletics,Men's 1500m Final,Cole HOCKER,USA,Josh KERR,GBR,Yared NUGUSE,USA,,
8/6/2024,Athletics,Women's 3000m Steeplechase Final,Winfred YAVI,BRN,Peruth CHEMUTAI,UGA,Faith CHEROTICH,KEN,,
8/6/2024,Boxing,Men's 71kg - Semifinal #209,,,,,Omari JONES,USA,,
8/6/2024,Boxing,Men's 71kg - Semifinal #210,,,,,Lewis RICHARDSON,GBR,,
8/6/2024,Athletics,Women's 200m Final,Gabrielle THOMAS,USA,Julien ALFRED,LCA,Brittany BROWN,USA,,
8/6/2024,Boxing,Women's 50kg - Semifinal #211,,,,,Nazym KYZAIBAY,KAZ,,
8/6/2024,Boxing,Women's 50kg - Semifinal #212,,,,,Aira VILLEGAS,PHI,,
8/6/2024,Boxing,Women's 66kg - Semifinal #213,,,,,Janjaem SUWANNAPHENG,THA,,
8/6/2024,Boxing,Women's 66kg - Semifinal #214,,,,,CHEN Nien Chin,TPE,,
8/6/2024,Boxing,Women's 60kg - Final #215,Kellie HARRINGTON,IRL,YANG Wenlu,CHN,,,,
8/7/2024,Athletics,Marathon Race Walk Relay Mixed,MARTIN A/PEREZ M,ESP,PINTADO B/MOREJON G,ECU,COWLEY R/MONTAG J,AUS,,
8/7/2024,Sailing,Women's Dinghy Medal Race,Marit BOUWMEESTER,NED,Anne-Marie RINDOM,DEN,Line Flem HOEST,NOR,,
8/7/2024,Sport Climbing,"Women's Speed, Final",Aleksandra MIROSLAW,POL,DENG Lijuan,CHN,Aleksandra KALUCKA,POL,,
8/7/2024,Sailing,Men's Dinghy Medal Race,Matt WEARN,AUS,Pavlos KONTIDES,CYP,Stefano PESCHIERA,PER,,
8/7/2024,Weightlifting,Men's 61kg,LI Fabin,CHN,Theerapong SILACHAI,THA,Hampton MORRIS,USA,,
8/7/2024,Skateboarding,Men's Park Final,Keegan PALMER,AUS,Tom SCHAAR,USA,Augusto AKIO,BRA,,
8/7/2024,Athletics,Women's Pole Vault Final,Nina KENNEDY,AUS,Katie MOON,USA,Alysha NEWMAN,CAN,,
8/7/2024,Cycling Track,"Men's Team Pursuit, Finals - For Bronze",,,,,Italy,ITA,,
8/7/2024,Cycling Track,"Men's Team Pursuit, Finals - For Gold",Australia,AUS,Great Britain,GBR,,,,
8/7/2024,Wrestling,Men's Greco-Roman 77kg Bronze Medal Match #150,,,,,Malkhas AMOYAN,ARM,,
8/7/2024,Wrestling,Men's Greco-Roman 77kg Bronze Medal Match #151,,,,,Akzhol MAKHMUDOV,KGZ,,
8/7/2024,Wrestling,Men's Greco-Roman 77kg Final,KUSAKA Nao,JPN,Demeu ZHADRAYEV,KAZ,,,,
8/7/2024,Wrestling,Men's Greco-Roman 97kg Bronze Medal Match #153,,,,,Gabriel Alejandro ROSILLO KINDELAN,CUB,,
8/7/2024,Wrestling,Men's Greco-Roman 97kg Bronze Medal Match #154,,,,,Uzur DZHUZUPBEKOV,KGZ,,
8/7/2024,Wrestling,Men's Greco-Roman 97kg Final,Mohammadhadi SARAVI,IRI,Artur ALEKSANYAN,ARM,,,,
8/7/2024,Wrestling,Women's Freestyle 50kg Bronze Medal Match #156,,,,,SUSAKI Yui,JPN,,
8/7/2024,Wrestling,Women's Freestyle 50kg Bronze Medal Match #157,,,,,FENG Ziqi,CHN,,
8/7/2024,Wrestling,Women's Freestyle 50kg Final,Sarah Ann HILDEBRANDT,USA,Yusneylis GUZMAN LOPEZ,CUB,,,,
8/7/2024,Cycling Track,"Women's Team Pursuit, Finals",United States,USA,New Zealand,NZL,Great Britain,GBR,,
8/7/2024,Artistic Swimming,Team Acrobatic Routine,China,CHN,United States,USA,Spain,ESP,,
8/7/2024,Weightlifting,Women's 49kg,HOU Zhihui,CHN,Mihaela Valentina CAMBEI,ROU,Surodchana KHAMBAO,THA,,
8/7/2024,Athletics,Men's Discus Throw Final,Roje STONA,JAM,Mykolas ALEKNA,LTU,Matthew DENNY,AUS,,
8/7/2024,Taekwondo,Women -49kg Bronze Medal Contests #136,,,,,Mobina NEMATZADEH,IRI,,
8/7/2024,Taekwondo,Women -49kg Bronze Medal Contests #138,,,,,Lena STOJKOVIC,CRO,,
8/7/2024,Taekwondo,Women -49kg Gold Medal Contest #140,Panipak WONGPATTANAKIT,THA,GUO Qing,CHN,,,,
8/7/2024,Taekwondo,Men -58kg Bronze Medal Contests #137,,,,,Cyrian RAVET,FRA,,
8/7/2024,Taekwondo,Men -58kg Bronze Medal Contests #139,,,,,Mohamed Khalil JENDOUBI,TUN,,
8/7/2024,Taekwondo,Men -58kg Gold Medal Contest #141,PARK Taejoon,KOR,Gashim MAGOMEDOV,AZE,,,,
8/7/2024,Athletics,Men's 400m Final,Quincy HALL,USA,Matthew HUDSON-SMITH,GBR,Muzala SAMUKONGA,ZAM,,
8/7/2024,Athletics,Men's 3000m Steeplechase Final,Soufiane EL BAKKALI,MAR,Kenneth ROOKS,USA,Abraham KIBIWOT,KEN,,
8/7/2024,Boxing,Women's 57kg - Semifinal #216,,,,,Esra YILDIZ KAHRAMAN,TUR,,
8/7/2024,Boxing,Women's 57kg - Semifinal #217,,,,,Nesthy PETECIO,PHI,,
8/7/2024,Boxing,Men's +92kg - Semifinal #218,,,,,Nelvie Raman TIAFACK,GER,,
8/7/2024,Boxing,Men's +92kg - Semifinal #219,,,,,Djamili-Dini ABOUDOU MOINDZE,FRA,,
8/7/2024,Boxing,Men's 63.5kg - Final #220,Erislandy ALVAREZ BORGES,CUB,Sofiane OUMIHA,FRA,,,,
8/7/2024,Boxing,Men's 80kg - Final #221,Oleksandr KHYZHNIAK,UKR,Nurbek ORALBAY,KAZ,,,,
8/8/2024,Marathon Swimming,Women's 10km,Sharon van ROUWENDAAL,NED,Moesha JOHNSON,AUS,Ginevra TADDEUCCI,ITA,,
8/8/2024,Sailing,Mixed Dinghy Medal Race,VADLAU/MAEHR,AUT,OKADA/YOSHIOKA,JPN,DAHLBERG/KARLSSON,SWE,,
8/8/2024,Sailing,Mixed Multihull Medal Race,TITA/BANTI,ITA,MAJDALANI/BOSCO,ARG,WILKINSON/DAWSON,NZL,,
8/8/2024,Sport Climbing,"Men's Speed, Final",Veddriq LEONARDO,INA,WU Peng,CHN,Sam WATSON,USA,,
8/8/2024,Canoe Sprint,Men's Canoe Double 500m Final A,LIU/JI,CHN,CASADEI/TACCHINI,ITA,MORENO/DOMINGUEZ,ESP,,
8/8/2024,Canoe Sprint,Women's Kayak Four 500m Final A,New Zealand,NZL,Germany,GER,Hungary,HUN,,
8/8/2024,Canoe Sprint,Men's Kayak Four 500m Final A,Germany,GER,Australia,AUS,Spain,ESP,,
8/8/2024,Hockey,Men's Bronze Medal Match (#M37),,,,,India,IND,,
8/8/2024,Diving,Men's 3m Springboard Final,XIE Siyi,CHN,WANG Zongyuan,CHN,Osmar OLVERA IBARRA,MEX,,
8/8/2024,Weightlifting,Women's 59kg,LUO Shifang,CHN,Maude CHARRON,CAN,KUO Hsing-Chun,TPE,,
8/8/2024,Sailing,Women's Kite,Eleanor ALDRIDGE,GBR,Lauriane NOLOT,FRA,Annelous LAMMERTS,NED,,
8/8/2024,Football,Men's Bronze Medal Match (#31),,,,,Morocco,MAR,,
8/8/2024,Wrestling,Men's Greco-Roman 67kg Bronze Medal Match (#207),,,,,Hasrat JAFAROV,AZE,,
8/8/2024,Wrestling,Men's Greco-Roman 67kg Bronze Medal Match (#208),,,,,Luis Alberto ORTA SANCHEZ,CUB,,
8/8/2024,Wrestling,Men's Greco-Roman 67kg Final (#209),Saeid ESMAEILI LEIVESI,IRI,Parviz NASIBOV,UKR,,,,
8/8/2024,Wrestling,Men's Greco-Roman 87kg Bronze Medal Match (#210),,,,,Zhan BELENIUK,UKR,,
8/8/2024,Wrestling,Men's Greco-Roman 87kg Bronze Medal Match (#211),,,,,Turpal Ali BISULTANOV,DEN,,
8/8/2024,Wrestling,Men's Greco-Roman 87kg Final (#212),Semen Sergeevich NOVIKOV,BUL,Alireza MOHMADIPIANI,IRI,,,,
8/8/2024,Wrestling,Women's Freestyle 53kg Bronze Medal Match (#213),,,,,CHOE Hyo Gyong,PRK,,
8/8/2024,Wrestling,Women's Freestyle 53kg Bronze Medal Match (#214),,,,,PANG Qianyu,CHN,,
8/8/2024,Wrestling,Women's Freestyle 53kg Final (#215),FUJINAMI Akari,JPN,Lucia Yamileth YEPEZ GUZMAN,ECU,,,,
8/8/2024,Hockey,Men's Gold Medal Match (#M38),Netherlands,NED,Germany,GER,,,,
8/8/2024,Cycling Track,"Women's Keirin, Final for Gold",Ellesse ANDREWS,NZL,Hetty van de WOUW,NED,Emma FINUCANE,GBR,,
8/8/2024,Cycling Track,"Men's Omnium, Points Race 4/4",Benjamin THOMAS,FRA,Iuri LEITAO,POR,Fabio van den BOSSCHE,BEL,,
8/8/2024,Weightlifting,Men's 73kg,Rizki JUNIANSYAH,INA,Weeraphon WICHUMA,THA,Bozhidar Dimitrov ANDREEV,BUL,,
8/8/2024,Athletics,Women's Long Jump Final,Tara DAVIS-WOODHALL,USA,Malaika MIHAMBO,GER,Jasmine MOORE,USA,,
8/8/2024,Taekwondo,Men -68kg Bronze Medal Contests (#234),,,,,LIANG Yushuai,CHN,,
8/8/2024,Taekwondo,Men -68kg Bronze Medal Contests (#236),,,,,Edival PONTES,BRA,,
8/8/2024,Athletics,Men's Javelin Throw Final,Arshad NADEEM,PAK,Neeraj CHOPRA,IND,Anderson PETERS,GRN,,
8/8/2024,Athletics,Men's 200m Final,Letsile TEBOGO,BOT,Kenneth BEDNAREK,USA,Noah LYLES,USA,,
8/8/2024,Taekwondo,Women -57kg Bronze Medal Contests (#235),,,,,Skylar PARK,CAN,,
8/8/2024,Taekwondo,Women -57kg Bronze Medal Contests (#237),,,,,Alizadeh KIMIA,BUL,,
8/8/2024,Taekwondo,Men -68kg Gold Medal Contest (#238),Ulugbek RASHITOV,UZB,Zaid KAREEM,JOR,,,,
8/8/2024,Athletics,Women's 400m Hurdles Final,Sydney McLAUGHLIN-LEVRONE,USA,Anna COCKRELL,USA,Femke BOL,NED,,
8/8/2024,Boxing,Men's 57kg - Semifinal (#222),,,,,Charlie SENIOR,AUS,,
8/8/2024,Boxing,Men's 57kg - Semifinal (#223),,,,,Javier IBANEZ DIAZ,BUL,,
8/8/2024,Taekwondo,Women -57kg Gold Medal Contest (#239),KIM Yujin,KOR,Nahid KIYANICHANDEH,IRI,,,,
8/8/2024,Athletics,Men's 110m Hurdles Final,Grant HOLLOWAY,USA,Daniel ROBERTS,USA,Rasheed BROADBELL,JAM,,
8/8/2024,Boxing,Women's 75kg - Semifinal (#224),,,,,Caitlin PARKER,AUS,,
8/8/2024,Boxing,Women's 75kg - Semifinal (#225),,,,,Cindy Winner DJANKEU NGAMBA,EOR,,
8/8/2024,Boxing,Men's 51kg - Final (#226),Hasanboy DUSMATOV,UZB,Billal BENNAMA,FRA,,,,
8/8/2024,Boxing,Women's 54kg - Final (#227),CHANG Yuan,CHN,Hatice AKBAS,TUR,,,,
8/9/2024,Marathon Swimming,Men's 10km,Kristof RASOVSZKY,HUN,Oliver KLEMET,GER,David BETLEHEM,HUN,,
8/9/2024,Table Tennis,Men's Team Bronze Medal Match,,,,,France,FRA,,
8/9/2024,Sailing,Men's Kite,Valentin BONTUS,AUT,Toni VODISEK,SLO,Maximilian MAEDER,SGP,,
8/9/2024,Sport Climbing,Men's Boulder & Lead,Toby ROBERTS,GBR,ANRAKU Sorato,JPN,Jakob SCHUBERT,AUT,,
8/9/2024,Canoe Sprint,Women's Canoe Double 500m,XU/SUN,CHN,LUZAN/RYBACHOK,UKR,MACKENZIE/VINCENT,CAN,,
8/9/2024,Canoe Sprint,Women's Kayak Double 500m,CARRINGTON/HOSKIN,NZL,CSIPES/GAZSO,HUN,PASZEK/HAKE,GER,,
8/9/2024,Canoe Sprint,Women's Kayak Double 500m,,,,,PUPP/FOJT,HUN,,
8/9/2024,Canoe Sprint,Men's Kayak Double 500m,SCHOPF/LEMKE,GER,NADAS/TOTKA,HUN,van der WE/GREEN,AUS,,
8/9/2024,Canoe Sprint,Men's Canoe Single 1000m,Martin FUKSA,CZE,Isaquias QUEIROZ,BRA,Serghei TARNOVSCHI,MDA,,
8/9/2024,Hockey,Women's Bronze Medal Match,,,,,Argentina,ARG,,
8/9/2024,Diving,Women's 3m Springboard,CHEN Yiwen,CHN,Maddison KEENEY,AUS,CHANG Yani,CHN,,
8/9/2024,Football,Women's Bronze Medal Match,,,,,Germany,GER,,
8/9/2024,Table Tennis,Men's Team Gold Medal Match,China,CHN,Sweden,SWE,,,,
8/9/2024,Weightlifting,Men's 89kg,Karlos May NASAR,BUL,Yeison LOPEZ,COL,Antonino PIZZOLATO,ITA,,
8/9/2024,Volleyball,Men's Bronze Medal Match,,,,,United States,USA,,
8/9/2024,Football,Men's Gold Medal Match,Spain,ESP,France,FRA,,,,
8/9/2024,Cycling Track,Women's Madison,Italy,ITA,Great Britain,GBR,Netherlands,NED,,
8/9/2024,Wrestling,Men's Freestyle 57kg Bronze Medal Match,,,,,Aman AMAN,IND,,
8/9/2024,Wrestling,Men's Freestyle 57kg Bronze Medal Match,,,,,Gulomjon ABDULLAEV,UZB,,
8/9/2024,Wrestling,Men's Freestyle 57kg Final,HIGUCHI Rei,JPN,Spencer Richard LEE,USA,,,,
8/9/2024,Wrestling,Men's Freestyle 86kg Bronze Medal Match,,,,,Aaron Marquel BROOKS,USA,,
8/9/2024,Wrestling,Men's Freestyle 86kg Bronze Medal Match,,,,,Dauren KURUGLIEV,GRE,,
8/9/2024,Wrestling,Men's Freestyle 86kg Final,Magomed Eldarovitch RAMAZANOV,BUL,Hassan YAZDANICHARATI,IRI,,,,
8/9/2024,Wrestling,Women's Freestyle 57kg Bronze Medal Match,,,,,Helen Louise MAROULIS,USA,,
8/9/2024,Wrestling,Women's Freestyle 57kg Bronze Medal Match,,,,,HONG Kexin,CHN,,
8/9/2024,Wrestling,Women's Freestyle 57kg Final,SAKURAI Tsugumi,JPN,Anastasia NICHITA,MDA,,,,
8/9/2024,Athletics,Women's 4 x 100m Relay,United States,USA,Great Britain,GBR,Germany,GER,,
8/9/2024,Weightlifting,Women's 71kg,Olivia REEVES,USA,Mari Leivis SANCHEZ,COL,Angie Paola PALACIOS DAJOMES,ECU,,
8/9/2024,Athletics,Women's Shot Put,Yemisi OGUNLEYE,GER,Maddison-Lee WESCHE,NZL,SONG Jiayuan,CHN,,
8/9/2024,Athletics,Men's 4 x 100m Relay,Canada,CAN,South Africa,RSA,Great Britain,GBR,,
8/9/2024,Athletics,Women's 400m,Marileidy PAULINO,DOM,Salwa Eid NASER,BRN,Natalia KACZMAREK,POL,,
8/9/2024,Hockey,Women's Gold Medal Match,Netherlands,NED,China,CHN,,,,
8/9/2024,Athletics,Men's Triple Jump,Jordan Alejandro DIAZ FORTUN,ESP,Pedro PICHARDO,POR,Andy DIAZ HERNANDEZ,ITA,,
8/9/2024,Taekwondo,Women -67kg Bronze Medal Contest,,,,,Kristina TEACHOUT,USA,,
8/9/2024,Taekwondo,Women -67kg Bronze Medal Contest,,,,,Sarah CHAARI,BEL,,
8/9/2024,Taekwondo,Men -80kg Bronze Medal Contest,,,,,Simone ALESSIO,ITA,,
8/9/2024,Taekwondo,Men -80kg Bronze Medal Contest,,,,,Edi HRNIC,DEN,,
8/9/2024,Athletics,"Women's 10,000m",Beatrice CHEBET,KEN,Nadia BATTOCLETTI,ITA,Sifan HASSAN,NED,,
8/9/2024,Beach Volleyball,Women's Bronze Medal Match,,,,,HUBERLI/BRUNNER,SUI,,
8/9/2024,Breaking,B-Girls Bronze Medal Battle,,,,,671,CHN,,
8/9/2024,Breaking,B-Girls Gold Medal Battle,AMI,JPN,NICKA,LTU,,,,
8/9/2024,Taekwondo,Women -67kg Gold Medal Contest,Viviana MARTON,HUN,Aleksandra PERISIC,SRB,,,,
8/9/2024,Boxing,Men's 71kg Final,Asadkhuja MUYDINKHUJAEV,UZB,Marco Alonso VERDE ALVAREZ,MEX,,,,
8/9/2024,Taekwondo,Men -80kg Gold Medal Contest,Firas KATOUSSI,TUN,Mehran BARKHORDARI,IRI,,,,
8/9/2024,Athletics,Men's 400m Hurdles,Rai BENJAMIN,USA,Karsten WARHOLM,NOR,Alison dos SANTOS,BRA,,
8/9/2024,Boxing,Women's 50kg Final,WU Yu,CHN,Buse Naz CAKIROGLU,TUR,,,,
8/9/2024,Boxing,Men's 92kg Final,Lazizbek MULLOJONOV,UZB,Loren Berto ALFONSO DOMINGUEZ,AZE,,,,
8/9/2024,Boxing,Women's 66kg Final,Imane KHELIF,ALG,YANG Liu,CHN,,,,
8/9/2024,Athletics,Women's Heptathlon Final,THIAM Nafissatou,BEL,JOHNSON-THOMPSON Katarina,GBR,VIDTS Noor,BEL,,
8/9/2024,Cycling Track,Men's Sprint Final,Harrie LAVREYSEN,NED,Matthew RICHARDSON,AUS,Jack CARLIN,GBR,,
8/9/2024,Rhythmic Gymnastics,Women's All-Around Final,Darja VARFOLOMEEV,GER,Boryana KALEYN,BUL,Sofia RAFFAELI,ITA,,
8/9/2024,Beach Volleyball,Women's Gold Medal Match,ANA PATRICIA/DUDA,BRA,MELISSA/BRANDIE,CAN,,,,
8/10/2024,Athletics,Men's Marathon,Tamirat TOLA,ETH,Bashir ABDI,BEL,Benson KIPRUTO,KEN,,
8/10/2024,Golf,Women's Individual Stroke Play Round 4,Lydia KO,NZL,Esther HENSELEIT,GER,LIN Xiyu Janet,CHN,,
8/10/2024,Handball,Women's Bronze Medal Match,,,,,Denmark,DEN,,
8/10/2024,Table Tennis,Women's Team Bronze Medal Team Match,,,,,Korea,KOR,,
8/10/2024,Water Polo,Women's Bronze Medal Match,,,,,Netherlands,NED,,
8/10/2024,Basketball,Men's Bronze Medal Game,,,,,Serbia,SRB,,
8/10/2024,Weightlifting,Men's 102kg,LIU Huanhua,CHN,Akbar DJURAEV,UZB,Yauheni TSIKHANTSOU,AIN,,
8/10/2024,Sport Climbing,"Women's Boulder & Lead, Final Lead",Janja GARNBRET,SLO,Brooke RABOUTOU,USA,Jessica PILZ,AUT,,
8/10/2024,Canoe Sprint,Women's Kayak Single 500m Final A,Lisa CARRINGTON,NZL,Tamara CSIPES,HUN,Emma Aastrand JORGENSEN,DEN,,
8/10/2024,Volleyball,Men's Gold Medal Match,France,FRA,Poland,POL,,,,
8/10/2024,Canoe Sprint,Men's Kayak Single 1000m Final A,Josef DOSTAL,CZE,Adam VARGA,HUN,Balint KOPASZ,HUN,,
8/10/2024,Canoe Sprint,Women's Canoe Single 200m Final A,Katie VINCENT,CAN,Nevin HARRISON,USA,Yarisleidis CIRILO DUBOYS,CUB,,
8/10/2024,Rhythmic Gymnastics,Group All-Around Final,People's Republic of China,CHN,Israel,ISR,Italy,ITA,,
8/10/2024,Diving,Men's 10m Platform Final,CAO Yuan,CHN,TAMAI Rikuto,JPN,Noah WILLIAMS,GBR,,
8/10/2024,Handball,Women's Gold Medal Match,Norway,NOR,France,FRA,,,,
8/10/2024,Table Tennis,Women's Team Gold Medal Team Match,China,CHN,Japan,JPN,,,,
8/10/2024,Water Polo,Women's Gold Medal Match,Spain,ESP,Australia,AUS,,,,
8/10/2024,Weightlifting,Women's 81kg,Solfrid Eila Amena KOANDA,NOR,Sara AHMED,EGY,Neisi Patricia DAJOMES BARRERA,ECU,,
8/10/2024,Football,Women's Gold Medal Match,United States,USA,Brazil,BRA,,,,
8/10/2024,Volleyball,Women's Bronze Medal Match,,,,,Brazil,BRA,,
8/10/2024,Cycling Track,"Men's Madison, Final",Portugal,POR,Italy,ITA,Denmark,DEN,,
8/10/2024,Athletics,Men's High Jump Final,Hamish KERR,NZL,Shelby McEWEN,USA,Mutaz Essa BARSHIM,QAT,,
8/10/2024,Modern Pentathlon,"Men's Individual, Final, Laser Run",Ahmed ELGENDY,EGY,SATO Taishu,JPN,Giorgio MALAN,ITA,,
8/10/2024,Athletics,Men's 800m Final,Emmanuel WANYONYI,KEN,Marco AROP,CAN,Djamel SEDJATI,ALG,,
8/10/2024,Wrestling,Men's Freestyle 74kg Bronze Medal Match,,,,,Kyle Douglas DAKE,USA,,
8/10/2024,Wrestling,Men's Freestyle 74kg Bronze Medal Match,,,,,Chermen VALIEV,ALB,,
8/10/2024,Wrestling,Men's Freestyle 74kg Final,Razambek Salambekovitch JAMALOV,UZB,TAKATANI Daichi,JPN,,,,
8/10/2024,Wrestling,Men's Freestyle 125kg Bronze Medal Match,,,,,Taha AKGUL,TUR,,
8/10/2024,Wrestling,Men's Freestyle 125kg Bronze Medal Match,,,,,Giorgi MESHVILDISHVILI,AZE,,
8/10/2024,Wrestling,Men's Freestyle 125kg Final,Geno PETRIASHVILI,GEO,Amir Hossein ZARE,IRI,,,,
8/10/2024,Wrestling,Women's Freestyle 62kg Bronze Medal Match,,,,,Aisuluu TYNYBEKOVA,KGZ,,
8/10/2024,Wrestling,Women's Freestyle 62kg Bronze Medal Match,,,,,Grace Jacob BULLEN,NOR,,
8/10/2024,Wrestling,Women's Freestyle 62kg Final,MOTOKI Sakura,JPN,Iryna KOLIADENKO,UKR,,,,
8/10/2024,Artistic Swimming,Duet Free Routine,China,CHN,Great Britain,GBR,Netherlands,NED,,
8/10/2024,Athletics,Women's Javelin Throw Final,KITAGUCHI Haruka,JPN,Jo-Ane van DYK,RSA,Nikola OGRODNIKOVA,CZE,,
8/10/2024,Athletics,Women's 100m Hurdles Final,Masai RUSSELL,USA,Cyrena SAMBA-MAYELA,FRA,Jasmine CAMACHO-QUINN,PUR,,
8/10/2024,Athletics,Men's 5000m Final,Jakob INGEBRIGTSEN,NOR,Ronald KWEMOI,KEN,Grant FISHER,USA,,
8/10/2024,Athletics,Women's 1500m Final,Faith KIPYEGON,KEN,Jessica HULL,AUS,Georgia BELL,GBR,,
8/10/2024,Taekwondo,Men +80kg Bronze Medal Contests,,,,,Rafael ALBA,CUB,,
8/10/2024,Taekwondo,Men +80kg Bronze Medal Contests,,,,,Cheick Sallah CISSE,CIV,,
8/10/2024,Taekwondo,Men +80kg Gold Medal Contest,Arian SALIMI,IRI,Caden CUNNINGHAM,GBR,,,,
8/10/2024,Weightlifting,Men's +102kg,Lasha TALAKHADZE,GEO,Varazdat LALAYAN,ARM,Gor MINASYAN,BRN,,
8/10/2024,Taekwondo,Women +67kg Bronze Medal Contests (#435),,,,,LEE Dabin,KOR,,
8/10/2024,Taekwondo,Women +67kg Bronze Medal Contests (#437),,,,,Nafia KUS AYDIN,TUR,,
8/10/2024,Athletics,Men's 4 x 400m Relay Final,United States,USA,Botswana,BOT,Great Britain,GBR,,
8/10/2024,Athletics,Women's 4 x 400m Relay Final,United States,USA,Netherlands,NED,Great Britain,GBR,,
8/10/2024,Breaking,B-Boys Gold Medal Battle,,,,,VICTOR MONTALVO,USA,,
8/10/2024,Breaking,B-Boys Gold Medal Battle,PHIL WIZARD,CAN,DANY DANN,FRA,,,,
8/10/2024,Taekwondo,Women +67kg Gold Medal Contest,Althea LAURIN,FRA,Svetlana OSIPOVA,UZB,,,,
8/10/2024,Basketball,Men's Gold Medal Game,United States,USA,France,FRA,,,,
8/10/2024,Boxing,Women's 57kg - Final,LIN Yu Ting,TPE,Julia SZEREMETA,POL,,,,
8/10/2024,Boxing,Men's 57kg - Final,Abdumalik KHALOKOV,UZB,Munarbek SEIITBEK UULU,KGZ,,,,
8/10/2024,Beach Volleyball,Men's Bronze Medal Match,,,,,MOL/SORUM,NOR,,
8/10/2024,Beach Volleyball,Men's Gold Medal Match,AHMAN/HELLVIG,SWE,EHLERS/WICKLER,GER,,,,
8/10/2024,Boxing,Women's 75kg - Final,LI Qian,CHN,Atheyna Bibeichi BYLON,PAN,,,,
8/10/2024,Boxing,Men's +92kg - Final,Bakhodir JALOLOV,UZB,Ayoub GHADFA DRISSI EL AISSAOUI,ESP,,,,
8/11/2024,Athletics,Women's Marathon,Sifan HASSAN,NED,Tigst ASSEFA,ETH,Hellen OBIRI,KEN,,
8/11/2024,Handball,Men's Bronze Medal Match,,,,,Spain,ESP,,
8/11/2024,Water Polo,Men's Bronze Medal Match,,,,,United States,USA,,
8/11/2024,Basketball,Women's Bronze Medal Game,,,,,Australia,AUS,,
8/11/2024,Weightlifting,Women's +81kg,LI Wenwen,CHN,PARK Hyejeong,KOR,Emily CAMPBELL,GBR,,
8/11/2024,Wrestling,Men's Freestyle 65kg Bronze Medal Match,,,,,Sebastian C RIVERA,PUR,,
8/11/2024,Wrestling,Men's Freestyle 65kg Bronze Medal Match,,,,,Islam DUDAEV,ALB,,
8/11/2024,Wrestling,Men's Freestyle 65kg Final,KIYOOKA Kotaro,JPN,Rahman AMOUZADKHALILI,IRI,,,,
8/11/2024,Wrestling,Men's Freestyle 97kg Bronze Medal Match,,,,,Magomedkhan MAGOMEDOV,AZE,,
8/11/2024,Wrestling,Men's Freestyle 97kg Bronze Medal Match,,,,,Amirali AZARPIRA,IRI,,
8/11/2024,Wrestling,Men's Freestyle 97kg Final,Akhmed TAZHUDINOV,BRN,Givi MATCHARASHVILI,GEO,,,,
8/11/2024,Wrestling,Women's Freestyle 76kg Bronze Medal Match,,,,,Milaimy de la Carid. MARIN POTRILLE,CUB,,
8/11/2024,Wrestling,Women's Freestyle 76kg Bronze Medal Match,,,,,Tatiana RENTERIA RENTERIA,COL,,
8/11/2024,Wrestling,Women's Freestyle 76kg Final,KAGAMI Yuka,JPN,Kennedy Alexis BLADES,USA,,,,
8/11/2024,Modern Pentathlon,"Women's Individual, Final, Laser Run",Michelle GULYAS,HUN,Elodie CLOUVEL,FRA,SEONG Seungmin,KOR,,
8/11/2024,Volleyball,Women's Gold Medal Match,Italy,ITA,United States,USA,,,,
8/11/2024,Cycling Track,"Women's Sprint, Finals - Race 2",,,,,Emma FINUCANE,GBR,,
8/10/2024,Cycling Track,"Women's Sprint, Final",ANDREWS Ellesse,NZL,FRIEDRICH Lea,GER,,,,
8/11/2024,Handball,Men's Gold Medal Match,Denmark,DEN,Germany,GER,,,,
8/11/2024,Cycling Track,"Men's Keirin, Final for Gold",Harrie LAVREYSEN,NED,Matthew RICHARDSON,AUS,Matthew GLAETZER,AUS,,
8/11/2024,Cycling Track,"Women's Omnium, Points Race 4/4",Jennifer VALENTE,USA,Daria PIKULIK,POL,Ally WOLLASTON,NZL,,
8/11/2024,Water Polo,Men's Gold Medal Match,Serbia,SRB,Croatia,CRO,,,,
8/11/2024,Basketball,Women's Gold Medal Game,United States,USA,France,FRA,,,,