cause_level_one,cause_level_two,cause_level_three,cause_level_four,Total ,Male - Total,Female - Total,Male - 0-28 days,Male - 1-59 months,Male - 5-14 years,Male - 15-29 years,Male - 30-49 years,Male - 50-59 years,Male - 60-69 years,Male - 70+ years,Female - 0-28 days,Female - 1-59 months,Female - 5-14 years,Female - 15-29 years,Female - 30-49 years,Female - 50-59 years,Female - 60-69 years,Female - 70+ years
"Communicable, maternal, perinatal and nutritional conditions",Infectious and parasitic diseases,Tuberculosis,Tuberculosis,297211,203905,93306,0,1484,845,21341,56518,36227,32286,55203,0,940,1008,12356,19626,8217,10026,41134
"Communicable, maternal, perinatal and nutritional conditions",Infectious and parasitic diseases,STDs excluding HIV,Syphilis,19113,12227,6887,4065,1361,13,324,1687,1385,1568,1824,3570,877,15,125,416,369,535,979
"Communicable, maternal, perinatal and nutritional conditions",Infectious and parasitic diseases,STDs excluding HIV,Chlamydia,24102,5095,19007,0,0,7,1462,3231,368,27,0,0,0,127,4684,13392,792,4,7
"Communicable, maternal, perinatal and nutritional conditions",Infectious and parasitic diseases,STDs excluding HIV,Gonorrhoea,9195,3348,5847,0,0,86,1693,1227,278,49,14,0,0,30,1456,4153,165,26,16
"Communicable, maternal, perinatal and nutritional conditions",Infectious and parasitic diseases,STDs excluding HIV,Trichomoniasis,33469,1333,32137,0,0,0,151,800,241,88,52,0,0,25,5764,15902,4989,3013,2444
"Communicable, maternal, perinatal and nutritional conditions",Infectious and parasitic diseases,STDs excluding HIV,Genital herpes,38610,14460,24151,0,0,49,1669,5687,3005,2247,1802,0,0,89,2751,8784,4768,3866,3893
"Communicable, maternal, perinatal and nutritional conditions",Infectious and parasitic diseases,STDs excluding HIV,Other STDs,34803,2521,32283,0,0,69,845,1361,223,14,9,0,0,111,5032,19362,2210,1414,4154
"Communicable, maternal, perinatal and nutritional conditions",Infectious and parasitic diseases,HIV/AIDS,HIV/AIDS,661459,475511,185948,235,2795,828,33955,208143,135480,70245,23830,210,2565,762,18991,94015,43087,19952,6366
"Communicable, maternal, perinatal and nutritional conditions",Infectious and parasitic diseases,Diarrhoeal diseases,Diarrhoeal diseases,1400043,677002,723041,1562,90689,58231,75047,116715,65515,81602,187641,1379,74667,49883,71885,110612,64488,86165,263963
"Communicable, maternal, perinatal and nutritional conditions",Infectious and parasitic diseases,Childhood-cluster diseases,Whooping cough,16774,8294,8479,0,7566,406,91,85,54,29,63,0,7725,555,72,65,22,0,41
"Communicable, maternal, perinatal and nutritional conditions",Infectious and parasitic diseases,Childhood-cluster diseases,Diphtheria,230,166,64,0,25,28,26,75,4,7,0,0,23,30,2,5,1,0,3
"Communicable, maternal, perinatal and nutritional conditions",Infectious and parasitic diseases,Childhood-cluster diseases,Measles,1184,530,654,0,332,130,52,1,0,16,0,0,466,89,22,36,12,18,11
"Communicable, maternal, perinatal and nutritional conditions",Infectious and parasitic diseases,Childhood-cluster diseases,Tetanus,2661,1628,1033,0,0,64,206,554,289,214,301,0,0,75,66,225,126,90,451
"Communicable, maternal, perinatal and nutritional conditions",Infectious and parasitic diseases,Meningitis,Meningitis,136896,76423,60473,671,12302,4454,9396,19570,11049,9667,9314,532,9539,3611,7345,13373,7939,7765,10368
"Communicable, maternal, perinatal and nutritional conditions",Infectious and parasitic diseases,Encephalitis,Encephalitis,48982,26811,22171,262,7617,1348,3994,8050,2576,1729,1236,191,6359,1400,2594,5254,2517,1940,1916
"Communicable, maternal, perinatal and nutritional conditions",Infectious and parasitic diseases,Hepatitis,Acute hepatitis A,66622,33755,32868,0,380,2444,4776,8004,4433,4053,9664,0,388,2451,4336,6334,3388,3073,12897
"Communicable, maternal, perinatal and nutritional conditions",Infectious and parasitic diseases,Hepatitis,Acute hepatitis B,101048,66061,34987,0,359,208,1719,17134,18343,15160,13138,0,281,155,966,5782,5569,7567,14666
"Communicable, maternal, perinatal and nutritional conditions",Infectious and parasitic diseases,Hepatitis,Acute hepatitis C,336205,211446,124759,1,107,43,881,34683,76838,68474,30420,1,96,40,961,14071,32417,31951,45222
"Communicable, maternal, perinatal and nutritional conditions",Infectious and parasitic diseases,Hepatitis,Acute hepatitis E,7760,5068,2692,0,97,201,310,1217,910,1204,1129,0,67,175,258,652,364,374,802
"Communicable, maternal, perinatal and nutritional conditions",Infectious and parasitic diseases,Parasitic and vector diseases,Malaria,291,157,134,0,6,17,31,90,9,3,1,0,7,17,44,52,8,3,2
"Communicable, maternal, perinatal and nutritional conditions",Infectious and parasitic diseases,Parasitic and vector diseases,African Trypanosomiasis,0,0,0,0,0,0,0,0,0,0,0,0,0,0,0,0,0,0,0
"Communicable, maternal, perinatal and nutritional conditions",Infectious and parasitic diseases,Parasitic and vector diseases,Chagas disease,6355,3737,2619,0,0,5,101,808,708,851,1264,0,1,4,77,552,430,541,1014
"Communicable, maternal, perinatal and nutritional conditions",Infectious and parasitic diseases,Parasitic and vector diseases,Schistosomiasis,11504,6410,5093,0,49,514,1616,2878,806,377,172,0,41,471,1530,2154,451,266,181
"Communicable, maternal, perinatal and nutritional conditions",Infectious and parasitic diseases,Parasitic and vector diseases,Leishmaniasis,1193,789,403,0,147,81,59,225,63,83,131,0,83,41,55,100,32,29,62
"Communicable, maternal, perinatal and nutritional conditions",Infectious and parasitic diseases,Parasitic and vector diseases,lymphatic filariasis,212,158,54,0,0,18,38,63,22,12,5,0,0,6,11,15,18,3,1
"Communicable, maternal, perinatal and nutritional conditions",Infectious and parasitic diseases,Parasitic and vector diseases,Onchocerciasis,0,0,0,0,0,0,0,0,0,0,0,0,0,0,0,0,0,0,0
"Communicable, maternal, perinatal and nutritional conditions",Infectious and parasitic diseases,Parasitic and vector diseases,Cysticercosis,26611,10581,16030,0,3,52,1149,2940,2263,2157,2017,0,4,56,1232,4357,3242,3179,3960
"Communicable, maternal, perinatal and nutritional conditions",Infectious and parasitic diseases,Parasitic and vector diseases,Echinococcosis,24592,13468,11123,0,142,509,1231,3714,2900,2622,2351,0,157,472,725,2257,1838,1982,3693
"Communicable, maternal, perinatal and nutritional conditions",Infectious and parasitic diseases,Parasitic and vector diseases,Dengue,4608,2678,1929,2,97,288,482,944,307,324,235,4,103,327,448,546,193,159,150
"Communicable, maternal, perinatal and nutritional conditions",Infectious and parasitic diseases,Parasitic and vector diseases,Trachoma,340,167,174,0,0,0,5,42,35,41,44,0,0,0,3,27,25,53,66
"Communicable, maternal, perinatal and nutritional conditions",Infectious and parasitic diseases,Parasitic and vector diseases,Yellow fever,430,298,132,0,4,58,107,73,24,18,15,0,1,26,42,26,14,14,9
"Communicable, maternal, perinatal and nutritional conditions",Infectious and parasitic diseases,Parasitic and vector diseases,Rabies,6453,3176,3277,0,218,155,271,964,600,553,414,0,603,350,147,360,541,419,857
"Communicable, maternal, perinatal and nutritional conditions",Infectious and parasitic diseases,Intestinal nematode infections,,,10497,6747,0,81,363,1484,4300,1662,1706,900,0,64,221,1277,2561,930,976,718
"Communicable, maternal, perinatal and nutritional conditions",Infectious and parasitic diseases,Intestinal nematode infections,Ascariasis,300,166,134,0,21,44,34,41,12,8,5,0,18,33,27,33,10,7,7
"Communicable, maternal, perinatal and nutritional conditions",Infectious and parasitic diseases,Intestinal nematode infections,Trichuriasis,32,16,16,0,1,4,6,4,1,1,0,0,1,3,6,4,1,1,0
"Communicable, maternal, perinatal and nutritional conditions",Infectious and parasitic diseases,Intestinal nematode infections,Hookworm disease,1741,262,1479,0,16,53,65,69,26,17,15,0,17,52,682,651,34,20,22
"Communicable, maternal, perinatal and nutritional conditions",Infectious and parasitic diseases,Intestinal nematode infections,Food-bourne trematodes,15171,10052,5119,0,44,262,1378,4186,1623,1681,879,0,27,133,563,1873,885,948,689
"Communicable, maternal, perinatal and nutritional conditions",Infectious and parasitic diseases,Leprosy,Leprosy,113,68,46,0,0,0,4,18,9,16,21,0,0,0,1,20,2,11,12
"Communicable, maternal, perinatal and nutritional conditions",Infectious and parasitic diseases,Other infectious diseases,Other infectious diseases,2475603,1262275,1213328,8357,28544,24282,40193,123178,169941,276692,591088,6975,25433,22944,40350,112085,134476,213923,657142
"Communicable, maternal, perinatal and nutritional conditions",Respiratory Infectious,Lower respiratory infections,Lower respiratory infections,5542132,3080695,2461436,18076,98021,19757,61597,254971,297528,502180,1828564,14340,79123,19075,43390,146676,154822,265565,1738444
"Communicable, maternal, perinatal and nutritional conditions",Respiratory Infectious,Upper respiratory infections,Upper respiratory infections,1081319,544616,536703,734,52793,84943,107062,146786,62159,47427,42712,586,45849,79295,110291,143740,58734,46537,51670
"Communicable, maternal, perinatal and nutritional conditions",Respiratory Infectious,Otitis media,Otitis media,201196,109082,92114,63,12284,17520,19373,29257,14384,8770,7431,46,10417,15612,16924,21084,13062,8176,6793
"Communicable, maternal, perinatal and nutritional conditions",Maternal conditions,Maternal conditions,Maternal conditions,136822,0,136822,0,0,0,0,0,0,0,0,0,0,38,53991,82759,34,0,0
"Communicable, maternal, perinatal and nutritional conditions",Neonatal conditions,Preterm birth complications,Preterm birth complications,2794001,1468729,1325272,739700,137002,107022,159698,202019,73206,37837,12245,591971,116435,98586,148192,200332,84625,56739,28391
"Communicable, maternal, perinatal and nutritional conditions",Neonatal conditions,Birth asphyxia and birth trauma,Birth asphyxia and birth trauma,756932,409225,347707,178903,36845,30458,48080,67381,27625,16486,3447,143198,30335,26030,39603,57333,26202,18592,6415
"Communicable, maternal, perinatal and nutritional conditions",Neonatal conditions,Neonatal sepsis and infections,Neonatal sepsis and infections,239752,130721,109030,87280,2707,6929,10243,13414,5520,3263,1365,69852,2339,5938,8497,11354,4971,3770,2309
"Communicable, maternal, perinatal and nutritional conditions",Neonatal conditions,Other neonatal conditions,Other neonatal conditions,583308,322084,261224,246700,59475,2490,3893,5911,2037,1160,419,196375,50385,2151,3231,4766,1932,1488,896
"Communicable, maternal, perinatal and nutritional conditions",Nutritional deficiencies,Protein-energy malnutrition,Protein-energy malnutrition,648045,336354,311691,259,7830,20199,37128,71928,48963,54193,95855,239,6173,15403,27259,55568,37713,42513,126823
"Communicable, maternal, perinatal and nutritional conditions",Nutritional deficiencies,Iodine deficiency,Iodine deficiency,79500,29566,49934,0,47,1126,5510,11250,5173,3555,2905,0,68,1629,8564,18422,8746,6281,6223
"Communicable, maternal, perinatal and nutritional conditions",Nutritional deficiencies,Vitamin A deficiency,Vitamin A deficiency,3959,1941,2018,85,726,795,124,161,29,14,6,67,836,923,82,74,16,9,11
"Communicable, maternal, perinatal and nutritional conditions",Nutritional deficiencies,Iron-deficiency anaemia,Iron-deficiency anaemia,983237,313177,670059,2574,37371,60601,25524,48233,35156,32940,70778,1436,44862,55680,79024,207891,96490,57820,126856
"Communicable, maternal, perinatal and nutritional conditions",Nutritional deficiencies,Other nutritional deficiencies,Other nutritional deficiencies,197398,109885,87513,0,891,5107,19923,27307,19668,17315,19673,0,744,3869,14338,20127,14246,12357,21832
Noncommunicable diseases,Malignant neoplasms,Mouth and oropharynx cancers,Lip and oral cavity,719110,504259,214851,0,0,222,3395,56955,135778,169517,138393,0,0,136,2954,22141,40586,56048,92986
Noncommunicable diseases,Malignant neoplasms,Mouth and oropharynx cancers,Nasopharynx,115954,86840,29114,0,0,200,3376,20292,24844,22307,15821,0,0,227,1191,6496,7066,6790,7344
Noncommunicable diseases,Malignant neoplasms,Mouth and oropharynx cancers,Other pharynx,634539,527252,107287,0,0,29,928,42208,155236,199674,129177,0,0,116,384,9284,29435,36082,31987
Noncommunicable diseases,Malignant neoplasms,Oesophagus cancer,Oesophagus cancer,1554835,1247429,307406,0,0,56,1893,77795,269592,444765,453330,0,0,0,893,18040,54614,90670,143189
Noncommunicable diseases,Malignant neoplasms,Stomach cancer,Stomach cancer,2726333,1771203,955131,0,0,31,9549,155720,292963,501060,811879,0,0,277,8790,119965,145670,204909,475519
Noncommunicable diseases,Malignant neoplasms,Colon and rectum cancers,Colon and rectum cancers,6527456,3735697,2791759,0,0,344,19617,319874,641484,1096742,1657636,0,0,331,13300,263073,445581,657578,1411896
Noncommunicable diseases,Malignant neoplasms,Liver cancer,Liver cancer secondary to hepatitis B,505399,402423,102977,0,0,310,4177,56135,120181,127242,94379,0,0,76,2179,15171,21231,27765,36555
Noncommunicable diseases,Malignant neoplasms,Liver cancer,Liver cancer secondary to hepatitis C,1058300,640904,417397,0,0,13,324,18164,107792,206926,307685,0,0,7,318,14638,54558,103377,244499
Noncommunicable diseases,Malignant neoplasms,Liver cancer,Liver cancer secondary to alcohol use,801307,678980,122328,0,0,0,1452,37156,138699,252279,249394,0,0,0,379,7646,19230,38179,56894
Noncommunicable diseases,Malignant neoplasms,Liver cancer,Other liver cancer,323598,173133,150465,107,2904,2278,2254,10800,35291,55954,63546,105,2353,1672,2603,11124,22677,37448,72483
Noncommunicable diseases,Malignant neoplasms,Pancreas cancer,Pancreas cancer,3735570,2027481,1708089,0,0,348,2377,135816,381736,664715,842490,0,0,87,1853,85473,252971,478380,889325
Noncommunicable diseases,Malignant neoplasms,"Trachea, bronchus, lung cancers","Trachea, bronchus, lung cancers",11826748,7516895,4309853,0,0,650,7376,316877,1293511,2624030,3274452,0,0,431,5204,224649,840798,1397099,1841673
Noncommunicable diseases,Malignant neoplasms,Melanoma and other skin cancers,Malignant skin melanoma,831885,499472,332413,7,292,309,10186,83864,97169,129546,178100,4,446,308,9896,68917,63504,73420,115919
Noncommunicable diseases,Malignant neoplasms,Melanoma and other skin cancers,Non-melanoma skin cancer,360454,236350,124104,0,0,26,963,12046,31139,60765,131412,0,0,156,1281,6711,13067,24455,78435
Noncommunicable diseases,Malignant neoplasms,Breast cancer,Breast cancer,4792837,46606,4746231,0,0,0,219,4042,8867,13951,19526,0,0,80,22572,879816,1105792,1184164,1553806
Noncommunicable diseases,Malignant neoplasms,Cervix uteri cancer,Cervix uteri cancer,822107,0,822107,0,0,0,0,0,0,0,0,0,0,29,15799,257912,212759,174650,160958
Noncommunicable diseases,Malignant neoplasms,Corpus uteri cancer,Corpus uteri cancer,801995,0,801995,0,0,0,0,0,0,0,0,0,0,0,2336,48850,139686,270725,340398
Noncommunicable diseases,Malignant neoplasms,Ovary cancer,Ovary cancer,1287313,0,1287313,0,0,0,0,0,0,0,0,0,0,779,13413,159312,292763,372080,448967
Noncommunicable diseases,Malignant neoplasms,Prostate cancer,Prostate cancer,2744413,2744413,0,0,0,28,1020,18512,184943,668599,1871311,0,0,0,0,0,0,0,0
Noncommunicable diseases,Malignant neoplasms,Testicular cancer,Testicular cancer,101721,101721,0,83,3431,499,27142,47264,11765,6812,4725,0,0,0,0,0,0,0,0
Noncommunicable diseases,Malignant neoplasms,Kidney cancer,Kidney cancer,1412124,948326,463798,105,2633,2531,5431,75964,181392,289550,390720,53,2454,3022,3544,30680,65553,118093,240400
Noncommunicable diseases,Malignant neoplasms,Bladder cancer,Bladder cancer,1474212,1098943,375270,0,0,228,651,32288,116166,288377,661232,0,0,87,723,17135,40040,79047,238238
Noncommunicable diseases,Malignant neoplasms,Brain and nervous system cancers,Brain and nervous system cancers,1932192,1120221,811971,334,20611,52087,58449,226540,244021,281662,236517,331,17435,41768,37724,138449,159022,203077,214166
Noncommunicable diseases,Malignant neoplasms,Gallbladder and biliary tract cancer,Gallbladder and biliary tract cancer,905401,432483,472918,0,0,31,790,20659,52982,118641,239381,0,0,27,729,21996,56398,113420,280348
Noncommunicable diseases,Malignant neoplasms,Larynx cancer,Larynx cancer,478046,413879,64167,0,0,28,641,22671,98824,155547,136167,0,0,29,347,4020,14843,22645,22283
Noncommunicable diseases,Malignant neoplasms,Thyroid cancer,Thyroid cancer,223189,95188,128000,0,0,149,1257,11650,18635,26520,36978,0,0,208,1633,13459,20194,31099,61407
Noncommunicable diseases,Malignant neoplasms,Mesothelioma,Mesothelioma,307886,241294,66592,0,0,0,361,6752,20836,70279,143066,0,0,0,394,4646,9464,17860,34229
Noncommunicable diseases,Malignant neoplasms,"Lymphomas, multiple myeloma",Hodgkin lymphoma,144141,88406,55735,0,31,561,11820,20979,13760,16682,24574,0,35,444,7694,12237,6795,9297,19232
Noncommunicable diseases,Malignant neoplasms,"Lymphomas, multiple myeloma",Non-Hodgkin lymphoma,1760112,1032676,727436,0,1866,7351,28051,96794,145444,257190,495980,0,984,3110,14187,54390,81790,156776,416199
Noncommunicable diseases,Malignant neoplasms,"Lymphomas, multiple myeloma",Multiple myeloma,976879,543755,433124,0,0,55,395,26431,77929,154994,283952,0,0,109,158,15222,50882,112667,254086
Noncommunicable diseases,Malignant neoplasms,Leukaemia,Leukaemia,2076058,1217240,858818,472,24650,40963,81263,128590,139839,267562,533900,497,20811,29929,47650,101577,97518,164781,396057
Noncommunicable diseases,Malignant neoplasms,Other malignant neoplasms,Other malignant neoplasms,2370896,1267546,1103350,324,16665,35154,89943,168471,217416,307538,432037,579,13459,29080,54634,133729,174962,245864,451043
Noncommunicable diseases,Other neoplasms,Other neoplasms,Other neoplasms,1588385,894913,693472,124,1456,9381,19112,63683,100452,202563,498142,103,1151,7503,12440,49789,66454,125308,430723
Noncommunicable diseases,Diabetes mellitus,Diabetes mellitus,Diabetes mellitus,12647687,6919376,5728310,149,3137,10401,116755,955920,1417312,1938937,2476766,42,2808,9921,95795,639134,924837,1451221,2604552
Noncommunicable diseases,"Endocrine, blood, immune disorders",Thalassaemias,,97185,24349,72836,166,4677,6343,3608,3527,1980,1496,2551,139,4908,6287,19433,27137,5446,3303,6184
Noncommunicable diseases,"Endocrine, blood, immune disorders",Sickle cell disorders and trait,,95715,36472,59243,232,3137,4020,10486,13326,2773,1527,970,155,2756,3669,17686,24352,5364,3173,2089
Noncommunicable diseases,"Endocrine, blood, immune disorders",Other haemoglobinopathies and haemolytic anaemias,,264145,119596,144549,138,1727,3577,9951,17151,12416,18643,55993,67,1803,2769,9893,23438,12903,19461,74215
Noncommunicable diseases,"Endocrine, blood, immune disorders","Other endocrine, blood and immune disorders",,6057085,2534348,3522737,5835,82149,77854,157021,534109,492354,544688,640337,3699,69126,87791,233085,809601,677577,698263,943595
Noncommunicable diseases,Mental and substance use disorders,Depressive disorders,Major depressive disorder,7141298,2598697,4542601,0,56,73527,637406,903209,398138,298001,288361,0,66,150778,1087092,1438259,677355,548292,640759
Noncommunicable diseases,Mental and substance use disorders,Depressive disorders,Dysthymia,1398097,610582,787514,0,12,8170,107534,241628,109051,77872,66315,0,14,12037,146006,297237,134576,102016,95628
Noncommunicable diseases,Mental and substance use disorders,Bipolar disorder,Bipolar disorder,2124114,980512,1143601,0,0,24111,255063,334049,157693,123417,86181,0,0,20656,260243,398925,191969,149213,122595
Noncommunicable diseases,Mental and substance use disorders,Schizophrenia,Schizophrenia,3013029,1571196,1441833,0,0,1910,234957,745709,309016,185711,93893,0,0,1540,182298,626137,295253,197703,138902
Noncommunicable diseases,Mental and substance use disorders,Alcohol use disorders,Alcohol use disorders,4578446,3273975,1304472,1,169,4879,550978,1296102,700809,493958,227078,2,191,5382,308960,505932,226274,151884,105847
Noncommunicable diseases,Mental and substance use disorders,Drug use disorders,Opioid use disorders,6378416,3876631,2501785,0,0,0,1430279,1799249,437092,152775,57238,0,0,0,880203,1089795,327005,132767,72015
Noncommunicable diseases,Mental and substance use disorders,Drug use disorders,Cocaine use disorders,543405,362620,180785,0,0,803,119973,159593,56466,19551,6234,0,0,365,55577,84224,25534,9890,5195
Noncommunicable diseases,Mental and substance use disorders,Drug use disorders,Amphetamine use disorders,316259,202471,113789,0,0,0,91813,82102,20424,6618,1513,0,0,0,54698,43783,9843,3767,1698
Noncommunicable diseases,Mental and substance use disorders,Drug use disorders,Cannabis use disorders,194616,125523,69092,0,0,2761,80558,32436,6210,2486,1073,0,0,1847,45532,16346,3367,1408,593
Noncommunicable diseases,Mental and substance use disorders,Drug use disorders,Other drug use disorders,1283719,763362,520358,0,0,521,236928,366778,101685,32408,25041,0,0,237,121876,240762,94175,31677,31631
Noncommunicable diseases,Mental and substance use disorders,Anxiety disorders,Anxiety disorders,5864466,2098781,3765686,0,3172,167790,503885,712164,310401,224859,176509,0,4876,260896,828911,1221480,562430,442935,444158
Noncommunicable diseases,Mental and substance use disorders,Eating disorders,Eating disorders,908282,265408,642874,0,0,10292,115047,140069,0,0,0,0,0,26873,332089,283911,0,0,0
Noncommunicable diseases,Mental and substance use disorders,Autism and Asperger syndrome,Autism and Asperger syndrome,957304,774946,182358,932,54189,111487,165885,215148,93722,70326,63256,213,12388,25316,36998,48884,21718,17492,19349
Noncommunicable diseases,Mental and substance use disorders,Childhood behavioural disorders,Attention deficit/hyperactivity syndrome,174410,130227,44183,0,2014,50280,46385,24703,5148,1488,208,0,589,15176,15568,9730,2254,737,128
Noncommunicable diseases,Mental and substance use disorders,Childhood behavioural disorders,Conduct disorder,540695,354551,186144,0,0,237183,117368,0,0,0,0,0,0,128639,57505,0,0,0,0
Noncommunicable diseases,Mental and substance use disorders,Idiopathic intellectual disability,Idiopathic intellectual disability,504436,251996,252440,114,12006,35081,55733,77253,33520,23793,14495,115,11314,32812,49944,70865,34525,27205,25661
Noncommunicable diseases,Mental and substance use disorders,Other mental and behavioural disorders,Other mental and behavioural disorders,1776937,1076605,700332,0,0,3011,155595,419866,199363,153963,144808,0,0,1587,80393,243984,127259,109062,138046
Noncommunicable diseases,Neurological conditions,Alzheimer disease and other dementias,Alzheimer disease and other dementias,11996907,4323015,7673892,0,0,2704,3361,21995,99670,388648,3806636,0,0,2098,2471,19442,93202,389921,7166757
Noncommunicable diseases,Neurological conditions,Parkinson disease,Parkinson disease,1820495,1075719,744776,0,0,0,692,10993,33420,138476,892138,0,0,0,224,5500,17967,76986,644100
Noncommunicable diseases,Neurological conditions,Epilepsy,Epilepsy,1632566,890181,742385,243,34911,80538,162548,231580,117978,113122,149262,223,30223,69895,126481,160428,82103,91612,181420
Noncommunicable diseases,Neurological conditions,Multiple sclerosis,Multiple sclerosis,643089,230923,412166,0,0,218,8138,64982,61812,57963,37809,0,0,370,15489,106276,102368,102808,84855
Noncommunicable diseases,Neurological conditions,Migraine,Migraine,4738674,1595490,3143185,0,0,80883,380536,655867,247405,147470,83329,0,0,139199,740527,1266142,495594,307005,194718
Noncommunicable diseases,Neurological conditions,Non-migraine headache,Non-migraine headache,945281,398677,546604,0,0,15079,71014,152907,70866,52886,35925,0,0,16205,86111,205351,99240,77361,62335
Noncommunicable diseases,Neurological conditions,Other neurological conditions,Other neurological conditions,3110169,1780031,1330137,203,36861,69738,188891,314451,311711,380040,478136,207,34899,56789,108294,211508,206665,274731,437044
Noncommunicable diseases,Sense organ diseases,Glaucoma,Glaucoma,276554,100178,176376,0,0,0,0,1846,7470,16547,74314,0,0,0,0,2234,9338,22463,142341
Noncommunicable diseases,Sense organ diseases,Cataracts,Cataracts,664358,229273,435085,0,0,0,348,13556,25883,48256,141230,0,0,0,506,18791,37224,75214,303350
Noncommunicable diseases,Sense organ diseases,Uncorrected refractive errors,Uncorrected refractive errors,3790619,1826874,1963745,119,42001,134633,249172,420042,272585,277137,431184,129,41394,122436,195107,335547,262852,324091,682190
Noncommunicable diseases,Sense organ diseases,Macular degeneration,Macular degeneration,403036,123391,279645,0,0,0,0,0,6369,19776,97245,0,0,0,0,0,9292,33100,237253
Noncommunicable diseases,Sense organ diseases,Other vision loss,Other vision loss,904652,425227,479425,2,2354,6525,19080,58895,56230,82549,199591,3,2778,8249,23479,59868,51555,79697,253797
Noncommunicable diseases,Sense organ diseases,Other hearing loss,Other hearing loss,7089617,3643867,3445750,11,7020,37779,124367,439519,529073,840635,1665463,8,5263,27963,94087,302154,337332,639132,2039810
Noncommunicable diseases,Sense organ diseases,Other sense organ disorders,Other sense organ disorders,1022471,411877,610594,74,5350,9172,16763,57241,60732,96490,166056,73,4801,8389,21054,76775,87826,141836,269840
Noncommunicable diseases,Cardiovascular diseases,Rheumatic heart disease,Rheumatic heart disease,404860,166719,238141,0,501,1125,5743,21251,20403,34184,83513,0,512,1069,5297,18290,19742,38626,154606
Noncommunicable diseases,Cardiovascular diseases,Hypertensive heart disease,Hypertensive heart disease,3330656,1675310,1655347,0,0,104,17533,201193,280338,369286,806855,0,0,52,7422,91561,141130,212364,1202816
Noncommunicable diseases,Cardiovascular diseases,Ischaemic heart disease,Ischaemic heart disease,27150642,16832759,10317883,0,0,987,85800,1680056,3030161,4274470,7761286,0,0,1050,31233,466181,881505,1601896,7336018
Noncommunicable diseases,Cardiovascular diseases,Stroke,Ischaemic stroke,8475748,3845081,4630667,166,1969,8105,31076,178034,301723,735021,2588986,153,2247,12249,42826,176845,217166,504632,3674548
Noncommunicable diseases,Cardiovascular diseases,Stroke,Haemorrhagic stroke,6130420,3215756,2914664,291,6608,11133,59630,521946,659136,790101,1166911,253,5607,11365,51726,370244,456942,615347,1403181
Noncommunicable diseases,Cardiovascular diseases,"Cardiomyopathy, myocarditis, endocarditis","Cardiomyopathy, myocarditis, endocarditis",2268073,1456801,811273,1164,18902,11258,87885,305915,254705,308424,468547,870,16770,9869,41368,116258,92654,133006,400476
Noncommunicable diseases,Cardiovascular diseases,Other circulatory diseases,Other circulatory diseases,8786430,4622017,4164413,781,10522,12428,90811,451399,607330,1031394,2417353,712,10444,8033,76140,329424,319643,616506,2803512
Noncommunicable diseases,Respiratory diseases,Chronic obstructive pulmonary disease,Chronic obstructive pulmonary disease,12505905,6685571,5820334,0,2118,9446,42808,274502,711060,1562254,4083384,0,2056,9365,36939,225782,613236,1240278,3692678
Noncommunicable diseases,Respiratory diseases,Asthma,Asthma,3438345,1462918,1975427,0,97673,281901,231547,319593,174689,166497,191019,0,62945,211900,301688,476637,275793,276882,369581
Noncommunicable diseases,Respiratory diseases,Other respiratory diseases,Other respiratory diseases,3749755,2132701,1617054,0,6903,18492,46656,156959,215988,409315,1278388,0,5743,18458,33435,107671,146803,248021,1056924
Noncommunicable diseases,Digestive diseases,Peptic ulcer disease,Peptic ulcer disease,468451,284385,184066,0,189,510,5120,43029,56978,73247,105312,0,162,495,3472,18212,23003,35059,103664
Noncommunicable diseases,Digestive diseases,Cirrhosis of the liver,Cirrhosis due to hepatitis B,479065,360063,119002,0,14,40,3173,108568,118756,84932,44581,0,6,22,1164,34297,31902,26122,25489
Noncommunicable diseases,Digestive diseases,Cirrhosis of the liver,Cirrhosis due to hepatitis C,1383326,983145,400181,0,52,127,13155,260402,311633,257762,140015,0,24,71,5861,106851,112622,91531,83221
Noncommunicable diseases,Digestive diseases,Cirrhosis of the liver,Cirrhosis due to alcohol use,1645414,1229463,415951,0,0,0,6253,262965,406069,385625,168551,0,0,0,2172,92236,130887,118273,72383
Noncommunicable diseases,Digestive diseases,Cirrhosis of the liver,Other liver cirrhosis,942010,494957,447053,0,3071,1868,12877,98363,133457,142593,102729,0,2761,2064,12184,89760,109835,112802,117647
Noncommunicable diseases,Digestive diseases,Appendicitis,Appendicitis,64816,37056,27761,0,609,3418,7473,8938,4140,4973,7506,0,495,3270,6349,5937,2618,2899,6192
Noncommunicable diseases,Digestive diseases,Gastritis and duodenitis,Gastritis and duodenitis,271171,114377,156794,0,809,2392,8706,30844,23640,23672,24314,0,949,3262,14178,40220,29204,30727,38254
Noncommunicable diseases,Digestive diseases,Paralytic ileus and intestinal obstruction,Paralytic ileus and intestinal obstruction,589332,296497,292835,1911,20762,2522,6998,22078,28185,47957,166083,1845,16722,1916,4576,15144,19238,36286,197108
Noncommunicable diseases,Digestive diseases,Inflammatory bowel disease,Inflammatory bowel disease,512501,247814,264687,0,2457,1224,26525,87525,48978,40496,40609,0,1783,1325,30649,91585,45699,40486,53161
Noncommunicable diseases,Digestive diseases,Gallbladder and biliary diseases,Gallbladder and biliary diseases,1402508,568866,833642,0,663,2607,16512,100219,91825,109377,247663,0,930,4880,45634,196397,136761,130427,318613
Noncommunicable diseases,Digestive diseases,Pancreatitis,Pancreatitis,518731,339194,179537,0,248,943,15506,99210,73747,71417,78122,0,223,1386,5850,31989,26848,34825,78416
Noncommunicable diseases,Digestive diseases,Other digestive diseases,Other digestive diseases,4335226,2294523,2040702,472,16689,18739,98520,414268,430263,532889,782684,328,10510,13923,83220,315182,290259,384449,942832
Noncommunicable diseases,Genitourinary diseases,Kidney diseases,Acute glomerulonephritis,8288,4219,4069,0,75,70,114,392,500,835,2232,0,67,53,92,313,319,697,2527
Noncommunicable diseases,Genitourinary diseases,Kidney diseases,Chronic kidney disease due to diabetes,1641202,876147,765055,0,166,431,4684,92613,151703,225397,401152,0,90,269,4930,72228,102898,167324,417317
Noncommunicable diseases,Genitourinary diseases,Kidney diseases,Other chronic kidney disease,3983973,2044059,1939914,2,11992,11894,53846,225983,257387,409042,1073914,1,9442,10598,52513,188881,189264,306856,1182359
Noncommunicable diseases,Genitourinary diseases,Benign prostatic hyperplasia,Benign prostatic hyperplasia,430930,430930,0,0,0,0,0,7011,55712,142843,225365,0,0,0,0,0,0,0,0
Noncommunicable diseases,Genitourinary diseases,Urolithiasis,Urolithiasis,58268,38868,19400,0,44,144,2136,13388,9832,7761,5563,0,31,140,1718,6220,4452,3737,3102
Noncommunicable diseases,Genitourinary diseases,Other urinary diseases,Other urinary diseases,1011151,433595,577556,254,2744,1266,5196,27113,41644,78594,276784,204,3803,4111,15871,41006,42496,75382,394683
Noncommunicable diseases,Genitourinary diseases,Infertility,Infertility,458870,233786,225084,0,0,0,76222,157564,0,0,0,0,0,0,60386,164698,0,0,0
Noncommunicable diseases,Genitourinary diseases,Gynecological diseases,Gynecological diseases,4465318,0,4465318,0,0,0,0,0,0,0,0,0,0,46209,927539,2262039,630846,325875,272810
Noncommunicable diseases,Skin diseases,Skin diseases,Skin diseases,2843844,1232885,1610960,82,70244,133533,187723,242951,151120,173931,273302,72,76364,161622,249987,342019,186795,202279,391821
Noncommunicable diseases,Musculoskeletal diseases,Rheumatoid arthritis,Rheumatoid arthritis,812977,221932,591045,0,0,1097,8146,35413,42079,59476,75721,0,0,2906,21614,97763,109085,146159,213517
Noncommunicable diseases,Musculoskeletal diseases,Osteoarthritis,Osteoarthritis,6171524,2206781,3964743,0,0,0,0,232585,487280,667690,819226,0,0,0,0,328115,791282,1133670,1711677
Noncommunicable diseases,Musculoskeletal diseases,Gout,Gout,570922,444590,126332,0,0,0,5993,89570,96715,113389,138923,0,0,0,881,8988,14659,29925,71880
Noncommunicable diseases,Musculoskeletal diseases,Back and neck pain,Back and neck pain,12589584,5346917,7242667,0,0,95039,565479,1698191,1059189,955882,973137,0,0,122309,731197,2069464,1347712,1294020,1677965
Noncommunicable diseases,Musculoskeletal diseases,Other musculoskeletal disorders,Other musculoskeletal disorders,9228603,3692761,5535842,0,0,32168,550363,1181713,708988,631456,588073,0,0,42750,688824,1600637,1089143,1054053,1060435
Noncommunicable diseases,Congenital anomalies,Neural tube defects,Neural tube defects,209894,100177,109717,34172,40624,4955,8172,7974,2223,1237,820,34570,51147,4061,6821,8377,2410,1253,1078
Noncommunicable diseases,Congenital anomalies,Cleft lip and cleft palate,Cleft lip and cleft palate,22061,11659,10402,289,1488,1312,2031,3227,1316,998,998,203,1341,1132,1663,2560,1168,1014,1321
Noncommunicable diseases,Congenital anomalies,Down syndrome,Down syndrome,290850,157252,133598,14286,24309,9367,16647,26428,37568,26389,2258,10541,16566,7332,13271,24388,35231,23692,2577
Noncommunicable diseases,Congenital anomalies,Congenital heart anomalies,Congenital heart anomalies,806213,465546,340668,141157,153227,26902,49897,54308,17712,11650,10694,102560,107696,22274,30595,38475,14419,10689,13959
Noncommunicable diseases,Congenital anomalies,Other chromosomal anomalies,Other chromosomal anomalies,495263,248486,246777,83489,67907,23346,30439,27300,7846,4311,3849,82374,69808,20702,28102,28288,8363,5010,4131
Noncommunicable diseases,Congenital anomalies,Other congenital anomalies,Other congenital anomalies,1353490,727070,626419,227313,180617,71969,76344,85469,36863,28236,20260,170866,135930,66532,72270,83587,38365,32195,26676
Noncommunicable diseases,Oral conditions,Dental caries,Dental caries,346279,172938,173341,0,4109,17217,37381,55542,24070,18654,15966,0,3760,16884,35197,51668,24164,20436,21232
Noncommunicable diseases,Oral conditions,Periodontal disease,Periodontal disease,1143676,584660,559016,0,0,0,23341,197499,149342,116426,98052,0,0,0,19003,168375,138038,115071,118529
Noncommunicable diseases,Oral conditions,Edentulism,Edentulism,2701939,1110577,1591362,0,0,0,14066,136461,186147,292790,481112,0,0,0,14515,139463,210922,396050,830413
Noncommunicable diseases,Oral conditions,Other oral disorders,Other oral disorders,693160,316403,376757,0,10817,19338,57043,103785,51348,42257,31815,0,10124,21345,64928,119721,61825,51511,47303
Noncommunicable diseases,Sudden infant death syndrome,Sudden infant death syndrome,Sudden infant death syndrome,219806,126889,92917,3407,123363,55,21,19,0,20,6,2977,89934,0,0,0,0,0,5
Injuries,Unintentional injuries,Road injury,Road injury,5978775,4196989,1781786,1006,40947,98941,1057942,1457196,671049,478137,391772,657,33584,67463,374768,506115,258039,238447,302712
Injuries,Unintentional injuries,Poisonings,Poisonings,329057,195418,133640,230,5831,9199,39314,78030,28041,19454,15318,189,4901,8837,25216,42105,18716,15382,18294
Injuries,Unintentional injuries,Falls,Falls,9307944,4754699,4553245,685,24535,81655,398029,1126522,761511,807958,1553803,511,20725,70606,231633,641664,512903,677874,2397329
Injuries,Unintentional injuries,"Fire, heat and hot substances","Fire, heat and hot substances",892529,501547,390982,238,15292,18712,57227,157108,94056,81349,77565,228,13709,15749,39008,107323,65713,64274,84977
Injuries,Unintentional injuries,Drowning,Drowning,716543,520490,196053,297,38942,34393,123081,135296,59859,55403,73220,227,23793,14527,21798,31585,18624,21839,63660
Injuries,Unintentional injuries,Exposure to mechanical forces,Exposure to mechanical forces,2569092,1880083,689009,324,13694,51296,254763,609868,344019,303077,303041,331,9962,24490,71164,174209,112801,119752,176301
Injuries,Unintentional injuries,Natural disasters,Natural disasters,19049,11741,7308,17,481,1093,2527,3443,1529,1241,1410,13,470,836,1179,1705,859,842,1404
Injuries,Unintentional injuries,Other unintentional injuries,Other unintentional injuries,4935729,2900711,2035017,8241,104030,71431,342371,752432,456980,451254,713973,6598,85743,57473,160175,385090,269713,304266,765960
Injuries,Intentional injuries,Self-harm,Self-harm,6510251,4857662,1652589,0,0,44060,1279848,1927691,811523,460976,333565,0,0,29132,385895,614879,298952,173086,150645
Injuries,Intentional injuries,Interpersonal violence,Interpersonal violence,2069312,1525272,544040,13,38266,36678,578903,545910,165597,95203,64702,13,35937,28330,153616,178200,61246,42016,44682
Injuries,Intentional injuries,Collective violence and legal intervention,Collective violence and legal intervention,95053,82751,12302,7,753,1105,28897,38072,8830,3644,1442,15,763,1124,2780,4455,1429,924,812