name,state,congress,start_date,end_date
"Bassett, Richard",DE,FIRST Congress,1789-03-04,
"Butler, Pierce",SC,FIRST Congress,1789-03-04,
"Carroll, Charles",MD,FIRST Congress,1789-03-04,
"Dalton, Tristram",MA,FIRST Congress,1789-03-04,
"Ellsworth, Oliver",CT,FIRST Congress,1789-03-04,
"Elmer, Jonathan",NJ,FIRST Congress,1789-03-04,
"Few, William",GA,FIRST Congress,1789-03-04,
"Grayson, William",VA,FIRST Congress,1789-03-04,
"Gunn, James",GA,FIRST Congress,1789-03-04,
"Henry, John",MD,FIRST Congress,1789-03-04,
"Izard, Ralph",SC,FIRST Congress,1789-03-04,
"Johnson, William S.",CT,FIRST Congress,1789-03-04,
"Langdon, John",NH,FIRST Congress,1789-03-04,
"Lee, Richard Henry",VA,FIRST Congress,1789-03-04,
"Maclay, William",PA,FIRST Congress,1789-03-04,
"Morris, Robert",PA,FIRST Congress,1789-03-04,
"Paterson, William",NJ,FIRST Congress,1789-03-04,
"Read, George",DE,FIRST Congress,1789-03-04,
"Schuyler, Philip John",NY,FIRST Congress,1789-03-04,
"Strong, Caleb",MA,FIRST Congress,1789-03-04,
"Wingate, Paine",NH,FIRST Congress,1789-03-04,
"King, Rufus",NY,FIRST Congress,1789-07-16,
"Hawkins, Benjamin",NC,FIRST Congress,1789-12-08,
"Walker, John",VA,FIRST Congress,1790-03-31,
"Foster, Theodore",RI,FIRST Congress,1790-06-12,
"Stanton, Joseph, Jr.",RI,FIRST Congress,1790-06-12,
"Bradley, Stephen R.",VT,SECOND Congress,1791-03-04,
"Burr, Aaron",NY,SECOND Congress,1791-03-04,
"Cabot, George",MA,SECOND Congress,1791-03-04,
"Rutherfurd, John",NJ,SECOND Congress,1791-03-04,
"Sherman, Roger",CT,SECOND Congress,1791-06-13,
"Robinson, Moses",VT,SECOND Congress,1791-10-17,
"Brown, John",KY,SECOND Congress,1792-06-18,
"Edwards, John",KY,SECOND Congress,1792-06-18,
"Taylor, John",VA,SECOND Congress,1792-10-18,
"Potts, Richard",MD,SECOND Congress,1793-01-10,
"Bradford, William",RI,THIRD Congress,1793-03-04,
"Frelinghuysen, Frederick",NJ,THIRD Congress,1793-03-04,
"Jackson, James",GA,THIRD Congress,1793-03-04,
"Livermore, Samuel",NH,THIRD Congress,1793-03-04,
"Martin, Alexander",NC,THIRD Congress,1793-03-04,
"Vining, John",DE,THIRD Congress,1793-03-04,
"Mitchell, Stephen M.",CT,THIRD Congress,1793-12-02,
"Ross, James",PA,THIRD Congress,1794-04-24,
"Tazewell, Henry",VA,THIRD Congress,1794-04-24,
"Latimer, Henry",DE,THIRD Congress,1795-02-07,
"Bingham, William",PA,FOURTH Congress,1795-03-04,
"Bloodworth, Timothy",NC,FOURTH Congress,1795-03-04,
"Marshall, Humphrey",KY,FOURTH Congress,1795-03-04,
"Paine, Elijah",VT,FOURTH Congress,1795-03-04,
"Read, Jacob",SC,FOURTH Congress,1795-03-04,
"Trumbull, Jonathan, Jr.",CT,FOURTH Congress,1795-03-04,
"Tattnall, Josiah",GA,FOURTH Congress,1796-04-12,
"Hillhouse, James",CT,FOURTH Congress,1796-05-18,
"Goodhue, Benjamin",MA,FOURTH Congress,1796-06-11,
"Sedgwick, Theodore",MA,FOURTH Congress,1796-06-11,
"Blount, William",TN,FOURTH Congress,1796-08-02,
"Cocke, William",TN,FOURTH Congress,1796-08-02,
"Tracy, Uriah",CT,FOURTH Congress,1796-10-13,
"Tichenor, Isaac",VT,FOURTH Congress,1796-10-18,
"Hunter, John",SC,FOURTH Congress,1796-12-08,
"Schuyler, Philip J.",NY,FIFTH Congress,1797-03-04,
"Jackson, Andrew",TN,FIFTH Congress,1797-03-04,
"Chipman, Nathaniel",VT,FIFTH Congress,1797-10-17,
"Lloyd, James",MD,FIFTH Congress,1797-12-08,
"Hobart, John S.",NY,FIFTH Congress,1798-01-11,
"Clayton, Joshua",DE,FIFTH Congress,1798-01-19,
"North, William",NY,FIFTH Congress,1798-05-15,
"Watson, James",NY,FIFTH Congress,1798-08-17,
"Smith, Daniel",TN,FIFTH Congress,1798-10-06,
"Davenport, Franklin",NJ,FIFTH Congress,1798-12-05,
"Pinckney, Charles",SC,FIFTH Congress,1798-12-06,
"Wells, William Hill",DE,FIFTH Congress,1799-01-17,
"Anderson, Joseph",TN,SIXTH Congress,1799-03-04,
"Baldwin, Abraham",GA,SIXTH Congress,1799-03-04,
"Cocke, William",TN,SIXTH Congress,1799-03-04,
"Dayton, Jonathan",NJ,SIXTH Congress,1799-03-04,
"Dexter, Samuel",MA,SIXTH Congress,1799-03-04,
"Franklin, Jesse",NC,SIXTH Congress,1799-03-04,
"Schureman, James",NJ,SIXTH Congress,1799-03-04,
"Nicholas, Wilson C.",VA,SIXTH Congress,1799-12-05,
"Morris, Gouverneur",NY,SIXTH Congress,1800-04-03,
"Foster, Dwight",MA,SIXTH Congress,1800-06-06,
"Ogden, Aaron",NJ,SIXTH Congress,1801-02-28,
"White, Samuel",DE,SIXTH Congress,1801-02-28,
"Breckinridge, John",KY,SEVENTH Congress,1801-03-04,
"Colhoun, John Ewing",SC,SEVENTH Congress,1801-03-04,
"Jackson, James",GA,SEVENTH Congress,1801-03-04,
"Muhlenberg, John Peter G.",PA,SEVENTH Congress,1801-03-04,
"Sheafe, James",NH,SEVENTH Congress,1801-03-04,
"Stone, David",NC,SEVENTH Congress,1801-03-04,
"Ellery, Christopher",RI,SEVENTH Congress,1801-05-16,
"Olcott, Simeon",NH,SEVENTH Congress,1801-06-17,
"Logan, George",PA,SEVENTH Congress,1801-07-13,
"Bradley, Stephen R.",VT,SEVENTH Congress,1801-10-15,
"Clinton, De Witt",NY,SEVENTH Congress,1802-02-09,
"Plumer, William",NH,SEVENTH Congress,1802-06-17,
"Adams, John Quincy",MA,EIGHTH Congress,1803-03-04,
"Bailey, Theodorus",NY,EIGHTH Congress,1803-03-04,
"Maclay, Samuel",PA,EIGHTH Congress,1803-03-04,
"Pickering, Timothy",MA,EIGHTH Congress,1803-03-04,
"Potter, Samuel J.",RI,EIGHTH Congress,1803-03-04,
"Smith, Israel",VT,EIGHTH Congress,1803-03-04,
"Smith, Samuel",MD,EIGHTH Congress,1803-03-04,
"Taylor, John",VA,EIGHTH Congress,1803-03-04,
"Smith, John",OH,EIGHTH Congress,1803-04-01,
"Worthington, Thomas",OH,EIGHTH Congress,1803-04-01,
"Venable, Abraham B.",VA,EIGHTH Congress,1803-12-07,
"Smith, John",NY,EIGHTH Congress,1804-02-04,
"Armstrong, John, Jr.",NY,EIGHTH Congress,1804-02-25,
"Giles, William B.",VA,EIGHTH Congress,1804-08-11,
"Moore, Andrew",VA,EIGHTH Congress,1804-08-11,
"Giles, William B.",VA,EIGHTH Congress,1804-12-04,
"Moore, Andrew",VA,EIGHTH Congress,1804-12-04,
"Gaillard, John",SC,EIGHTH Congress,1804-12-06,
"Fenner, James",RI,NINTH Congress,1805-03-04,
"Gilman, Nicholas",NH,NINTH Congress,1805-03-04,
"Kitchell, Aaron",NJ,NINTH Congress,1805-03-04,
"Smith, Daniel",TN,NINTH Congress,1805-03-04,
"Thruston, Buckner",KY,NINTH Congress,1805-03-04,
"Turner, James",NC,NINTH Congress,1805-03-04,
"Milledge, John",GA,NINTH Congress,1806-06-19,
"Franklin, Jesse",NC,TENTH Congress,1807-03-04,
"Gregg, Andrew",PA,TENTH Congress,1807-03-04,
"Mathewson, Elisha",RI,TENTH Congress,1807-03-04,
"Parker, Nahum",NH,TENTH Congress,1807-03-04,
"Pope, John",KY,TENTH Congress,1807-03-04,
"Tiffin, Edward",OH,TENTH Congress,1807-03-04,
"Jones, George",GA,TENTH Congress,1807-08-27,
"Robinson, Jonathan",VT,TENTH Congress,1807-10-10,
"Goodrich, Chauncey",CT,TENTH Congress,1807-10-25,
"Lloyd, James",MA,TENTH Congress,1808-06-09,
"Leib, Michael",PA,TENTH Congress,1809-01-09,
"Brent, Richard",VA,ELEVENTH Congress,1809-03-04,
"German, Obadiah",NY,ELEVENTH Congress,1809-03-04,
"Lambert, John",NJ,ELEVENTH Congress,1809-03-04,
"Malbone, Francis",RI,ELEVENTH Congress,1809-03-04,
"Condit, John",NJ,ELEVENTH Congress,1809-03-21,
"Whiteside, Jenkin",TN,ELEVENTH Congress,1809-04-11,
"Griswold, Stanley",OH,ELEVENTH Congress,1809-05-18,
"Champlin, Christopher G.",RI,ELEVENTH Congress,1809-06-26,
"Clay, Henry",KY,ELEVENTH Congress,1810-01-04,
"Horsey, Outerbridge",DE,ELEVENTH Congress,1810-01-12,
"Dana, Samuel W.",CT,ELEVENTH Congress,1810-05-10,
"Cutts, Charles",NH,ELEVENTH Congress,1810-06-21,
"Bibb, George M.",KY,TWELFTH Congress,1811-03-04,
"Howell, Jeremiah B.",RI,TWELFTH Congress,1811-03-04,
"Varnum, Joseph B.",MA,TWELFTH Congress,1811-06-08,
"Campbell, George W.",TN,TWELFTH Congress,1811-10-08,
"Hunter, William",RI,TWELFTH Congress,1811-10-28,
"Magruder, Allan B.",LA,TWELFTH Congress,1811-10-28,
"Posey, Thomas",LA,TWELFTH Congress,1812-10-08,
"Brown, James",LA,TWELFTH Congress,1813-02-05,
"Bledsoe, Jesse",KY,THIRTEENTH Congress,1813-03-04,
"Chase, Dudley",VT,THIRTEENTH Congress,1813-03-04,
"Fromentin, Eligius",LA,THIRTEENTH Congress,1813-03-04,
"King, Rufus",NY,THIRTEENTH Congress,1813-03-04,
"Lacock, Abner",PA,THIRTEENTH Congress,1813-03-04,
"Morrow, Jeremiah",OH,THIRTEENTH Congress,1813-03-04,
"Stone, David",NC,THIRTEENTH Congress,1813-03-04,
"Bulloch, William B.",GA,THIRTEENTH Congress,1813-04-08,
"Gore, Christopher",MA,THIRTEENTH Congress,1813-05-05,
"Daggett, David",CT,THIRTEENTH Congress,1813-05-13,
"Goldsborough, Robert H.",MD,THIRTEENTH Congress,1813-05-21,
"Wells, William Hill",DE,THIRTEENTH Congress,1813-05-28,
"Mason, Jeremiah",NH,THIRTEENTH Congress,1813-06-10,
"Locke, Francis",NC,THIRTEENTH Congress,1813-06-10,
"Roberts, Jonathan",PA,THIRTEENTH Congress,1814-02-24,
"Wharton, Jesse",TN,THIRTEENTH Congress,1814-03-17,
"Thompson, Thomas W.",NH,THIRTEENTH Congress,1814-06-24,
"Walker, George",KY,THIRTEENTH Congress,1814-08-30,
"Barbour, James",VA,THIRTEENTH Congress,1815-01-02,
"Barry, William T.",KY,THIRTEENTH Congress,1815-02-02,
"Talbot, Isham",KY,THIRTEENTH Congress,1815-02-02,
"Ruggles, Benjamin",OH,FOURTEENTH Congress,1815-03-04,
"Sanford, Nathan",NY,FOURTEENTH Congress,1815-03-04,
"Tichenor, Isaac",VT,FOURTEENTH Congress,1815-03-04,
"Wilson, James J.",NJ,FOURTEENTH Congress,1815-03-04,
"Campbell, George W.",TN,FOURTEENTH Congress,1815-10-10,
"Williams, John",TN,FOURTEENTH Congress,1815-10-10,
"Macon, Nathaniel",NC,FOURTEENTH Congress,1815-12-05,
"Mason, Armistead T.",VA,FOURTEENTH Congress,1816-01-03,
"Harper, Robert G.",MD,FOURTEENTH Congress,1816-01-29,
"Ashmun, Eli P.",MA,FOURTEENTH Congress,1816-06-12,
"Hardin, Martin D.",KY,FOURTEENTH Congress,1816-06-12,
"Smith, William",SC,FOURTEENTH Congress,1816-12-04,
"Stokes, Montfort",NC,FOURTEENTH Congress,1816-12-04,
"Taylor, Waller",IN,FOURTEENTH Congress,1816-12-04,
"Burrill, James, Jr.",RI,FIFTEENTH Congress,1817-03-04,
"Claiborne, William C. C.",LA,FIFTEENTH Congress,1817-03-04,
"Crittenden, John J.",KY,FIFTEENTH Congress,1817-03-04,
"Dickerson, Mahlon",NJ,FIFTEENTH Congress,1817-03-04,
"Eppes, John W.",VA,FIFTEENTH Congress,1817-03-04,
"Morril, David L.",NH,FIFTEENTH Congress,1817-03-04,
"Otis, Harrison Gray",MA,FIFTEENTH Congress,1817-03-04,
"Van Dyke, Nicholas",DE,FIFTEENTH Congress,1817-03-04,
"Storer, Clement",NH,FIFTEENTH Congress,1817-06-27,
"Williams, Thomas",MS,FIFTEENTH Congress,1817-06-27,
"Johnson, Henry",LA,FIFTEENTH Congress,1818-01-12,
"Mellen, Prentiss",MA,FIFTEENTH Congress,1818-06-05,
"Palmer, William A.",VT,FIFTEENTH Congress,1818-10-20,
"Thomas, Jesse B.",IL,FIFTEENTH Congress,1818-12-03,
"Edwards, Ninian",IL,FIFTEENTH Congress,1818-12-03,
"Brown, James",LA,SIXTEENTH Congress,1819-03-04,
"Elliott, John",GA,SIXTEENTH Congress,1819-03-04,
"Lanman, James",CT,SIXTEENTH Congress,1819-03-04,
"Logan, William",KY,SIXTEENTH Congress,1819-03-04,
"Lowrie, Walter",PA,SIXTEENTH Congress,1819-03-04,
"Parrott, John F.",NH,SIXTEENTH Congress,1819-03-04,
"Trimble, William A.",OH,SIXTEENTH Congress,1819-03-04,
"Pleasants, James",VA,SIXTEENTH Congress,1819-03-04,
"Walker, John W.",AL,SIXTEENTH Congress,1819-03-04,
"Lloyd, Edward",MD,SIXTEENTH Congress,1819-03-04,
"Mills, Elijah H.",MA,SIXTEENTH Congress,1820-06-12,
"Holmes, John",ME,SIXTEENTH Congress,1820-06-13,
"Chandler, John",ME,SIXTEENTH Congress,1820-06-14,
"Holmes, David",MS,SIXTEENTH Congress,1820-08-30,
"Talbot, Isham",KY,SIXTEENTH Congress,1820-10-19,
"Knight, Nehemiah R.",RI,SIXTEENTH Congress,1821-01-09,
"Southard, Samuel L.",NJ,SIXTEENTH Congress,1821-01-26,
"Boardman, Elijah",CT,SEVENTEENTH Congress,1821-03-04,
"De Wolf, James",RI,SEVENTEENTH Congress,1821-03-04,
"Seymour, Horatio",VT,SEVENTEENTH Congress,1821-03-04,"1833-03-3,"
"Van Buren, Martin",NY,SEVENTEENTH Congress,1821-03-04,
"Barton, David",MO,SEVENTEENTH Congress,1821-08-10,
"Benton, Thomas Hart",MO,SEVENTEENTH Congress,1821-08-10,
"Brown, Ethan Allen",OH,SEVENTEENTH Congress,1822-01-03,
"Rodney, Caesar A.",DE,SEVENTEENTH Congress,1822-01-24,
"Lloyd, James",MA,SEVENTEENTH Congress,1822-06-05,
"Bell, Samuel",NH,EIGHTEENTH Congress,1823-03-04,
"Branch, John",NC,EIGHTEENTH Congress,1823-03-04,
"Hayne, Robert Young",SC,EIGHTEENTH Congress,1823-03-04,
"Jackson, Andrew",TN,EIGHTEENTH Congress,1823-03-04,
"Edwards, Henry W.",CT,EIGHTEENTH Congress,1823-10-08,
"Clayton, Thomas",DE,EIGHTEENTH Congress,1824-01-08,
"Johnston, Josiah S.",LA,EIGHTEENTH Congress,1824-01-15,
"Tazewell, Littleton W.",VA,EIGHTEENTH Congress,1824-12-07,
"Berrien, John Macpherson",GA,NINETEENTH Congress,1825-03-04,
"Chambers, Henry H.",AL,NINETEENTH Congress,1825-03-04,
"Chase, Dudley",VT,NINETEENTH Congress,1825-03-04,
"Harrison, William H.",OH,NINETEENTH Congress,1825-03-04,
"Hendricks, William",IN,NINETEENTH Congress,1825-03-04,
"Kane, Elias K.",IL,NINETEENTH Congress,1825-03-04,
"Marks, William",PA,NINETEENTH Congress,1825-03-04,
"Rowan, John",KY,NINETEENTH Congress,1825-03-04,
"Willey, Calvin",CT,NINETEENTH Congress,1825-05-04,
"Woodbury, Levi",NH,NINETEENTH Congress,1825-06-16,
"White, Hugh Lawson",TN,NINETEENTH Congress,1825-10-28,
"Robbins, Asher",RI,NINETEENTH Congress,1825-10-31,
"Randolph, John",VA,NINETEENTH Congress,1825-12-09,
"Sanford, Nathan",NY,NINETEENTH Congress,1826-01-14,
"Chambers, Ezekiel F.",MD,NINETEENTH Congress,1826-01-24,
"Reed, Thomas B.",MS,NINETEENTH Congress,1826-01-28,
"Pickens, Israel",AL,NINETEENTH Congress,1826-02-17,
"Harper, William",SC,NINETEENTH Congress,1826-03-08,
"Silsbee, Nathaniel",MA,NINETEENTH Congress,1826-05-31,
"Ridgely, Henry M.",DE,NINETEENTH Congress,1827-01-12,
"Barnard, Isaac D.",PA,TWENTIETH Congress,1827-03-04,
"Ellis, Powhatan",MS,TWENTIETH Congress,1827-03-04,
"Foot, Samuel A.",CT,TWENTIETH Congress,1827-03-04,
"McLane, Louis",DE,TWENTIETH Congress,1827-03-04,
"Parris, Albion K.",ME,TWENTIETH Congress,1827-03-04,
"Tyler, John",VA,TWENTIETH Congress,1827-03-04,
"Dudley, Charles E.",NY,TWENTIETH Congress,1829-01-15,
"Holmes, John",ME,TWENTIETH Congress,1829-01-15,
"Dickerson, Mahlon",NJ,TWENTIETH Congress,1829-01-30,
"Bibb, George M.",KY,FIRST Congress,1829-03-04,
"Clayton, John M.",DE,FIRST Congress,1829-03-04,
"Frelinghuysen, Theodore",NJ,FIRST Congress,1829-03-04,
"Livingston, Edward",LA,FIRST Congress,1829-03-04,
"McLean, John",IL,FIRST Congress,1829-03-04,
"Reed, Thomas B.",MS,FIRST Congress,1829-03-04,
"Sprague, Peleg",ME,FIRST Congress,1829-03-04,
"Troup, George M.",GA,FIRST Congress,1829-03-04,
"Grundy, Felix",TN,FIRST Congress,1829-10-19,
"Brown, Bedford",NC,FIRST Congress,1829-12-09,
"Adams, Robert H.",MS,FIRST Congress,1830-01-06,
"Naudain, Arnold",DE,FIRST Congress,1830-01-07,
"Poindexter, George",MS,FIRST Congress,1830-10-15,
"Buckner, Alexander",MO,SECOND Congress,1831-03-04,
"Ewing, Thomas",OH,SECOND Congress,1831-03-04,
"Hill, Isaac",NH,SECOND Congress,1831-03-04,
"Mangum, Willie P.",NC,SECOND Congress,1831-03-04,
"Marcy, William L.",NY,SECOND Congress,1831-03-04,
"Miller, Stephen D.",SC,SECOND Congress,1831-03-04,
"Moore, Gabriel",AL,SECOND Congress,1831-03-04,
"Prentiss, Samuel",VT,SECOND Congress,1831-03-04,
"Tomlinson, Gideon",CT,SECOND Congress,1831-03-04,
"Wilkins, William",PA,SECOND Congress,1831-03-04,
"Hanna, Robert",IN,SECOND Congress,1831-08-19,
"Tipton, John",IN,SECOND Congress,1832-01-03,
"Wright, Silas, Jr.",NY,SECOND Congress,1833-01-04,
"Kent, Joseph",MD,THIRD Congress,1833-03-04,
"Morris, Thomas",OH,THIRD Congress,1833-03-04,
"Shepley, Ether",ME,THIRD Congress,1833-03-04,
"Smith, Nathan",CT,THIRD Congress,1833-03-04,
"Southard, Samuel L.",NJ,THIRD Congress,1833-03-04,
"Swift, Benjamin",VT,THIRD Congress,1833-03-04,
"Tallmadge, Nathaniel P.",NY,THIRD Congress,1833-03-04,
"Linn, Lewis F.",MO,THIRD Congress,1833-10-25,
"McKean, Samuel",PA,THIRD Congress,1833-12-07,
"Leigh, Benjamin W.",VA,THIRD Congress,1833-12-07,
"Buchanan, James",PA,THIRD Congress,1834-12-06,
"Cuthbert, Alfred",GA,THIRD Congress,1835-01-12,
"Goldsborough, Robert H.",MD,THIRD Congress,1835-01-13,
"Ruggles, John",ME,THIRD Congress,1835-01-20,
"Crittenden, John J.",KY,FOURTH Congress,1835-03-04,
"Davis, John",MA,FOURTH Congress,1835-03-04,
"Hubbard, Henry",NH,FOURTH Congress,1835-03-04,
"Walker, Robert J.",MS,FOURTH Congress,1835-03-04,
"Wall, Garret D.",NJ,FOURTH Congress,1835-03-04,
"Nicholas, Robert C.",LA,FOURTH Congress,1836-01-13,
"Rives, William C.",VA,FOURTH Congress,1836-03-04,
"Page, John",NH,FOURTH Congress,1836-06-08,
"Bayard, Richard H.",DE,FOURTH Congress,1836-06-17,
"Sevier, Ambrose H.",AR,FOURTH Congress,1836-06-17,
"Strange, Robert",NC,FOURTH Congress,1836-12-05,
"Dana, Judah",ME,FOURTH Congress,1836-12-07,
"Clayton, Thomas",DE,FOURTH Congress,1837-01-09,
"Mouton, Alexander",LA,FOURTH Congress,1837-01-12,
"Lyon, Lucius",MI,FOURTH Congress,1837-01-26,
"Allen, William",OH,FIFTH Congress,1837-03-04,
"McKinley, John",AL,FIFTH Congress,1837-03-04,
"Pierce, Franklin",NH,FIFTH Congress,1837-03-04,
"Smith, Oliver H.",IN,FIFTH Congress,1837-03-04,
"Smith, Perry",CT,FIFTH Congress,1837-03-04,
"Williams, Reuel",ME,FIFTH Congress,1837-03-04,
"Young, Richard M.",IL,FIFTH Congress,1837-03-04,
"Roane, William H.",VA,FIFTH Congress,1837-03-14,
"Clay, Clement Comer",AL,FIFTH Congress,1837-06-19,
"Merrick, William D.",MD,FIFTH Congress,1838-01-04,
"Trotter, James F.",MS,FIFTH Congress,1838-01-22,
"Betts, Thaddeus",CT,SIXTH Congress,1839-03-04,
"Henderson, John",MS,SIXTH Congress,1839-03-04,
"Phelps, Samuel S.",VT,SIXTH Congress,1839-03-04,
"Tappan, Benjamin",OH,SIXTH Congress,1839-03-04,
"White, Albert S.",IN,SIXTH Congress,1839-03-04,
"Sturgeon, Daniel",PA,SIXTH Congress,1840-01-14,
"Porter, Augustus S.",MI,SIXTH Congress,1840-01-20,
"Anderson, Alexander",TN,SIXTH Congress,1840-01-27,
"Huntington, Jabez W.",CT,SIXTH Congress,1840-05-04,
"Mangum, Willie",NC,SIXTH Congress,1840-05-04,
"Kerr, John Leeds",MD,SIXTH Congress,1841-01-05,
"Bayard, Richard Henry",DE,SIXTH Congress,1841-01-12,
"Bates, Isaac C.",MA,SIXTH Congress,1841-01-13,
"Rives, William C.",VA,SIXTH Congress,1841-01-18,
"Choate, Rufus",MA,SIXTH Congress,1841-02-23,
"Archer, William S.",VA,SEVENTH Congress,1841-03-04,
"Barrow, Alexander",LA,SEVENTH Congress,1841-03-04,
"Evans, George",ME,SEVENTH Congress,1841-03-04,
"McRoberts, Samuel",IL,SEVENTH Congress,1841-03-04,
"Miller, Jacob W.",NJ,SEVENTH Congress,1841-03-04,
"Morehead, James T.",KY,SEVENTH Congress,1841-03-04,
"Simmons, James F.",RI,SEVENTH Congress,1841-03-04,
"Woodbridge, William",MI,SEVENTH Congress,1841-03-04,
"Woodbury, Levi",NH,SEVENTH Congress,1841-03-04,
"Sprague, William",RI,SEVENTH Congress,1842-02-05,
"Wilcox, Leonard",NH,SEVENTH Congress,1842-03-01,
"Crittenden, John J.",KY,SEVENTH Congress,1842-03-31,
"Conrad, Charles M.",LA,SEVENTH Congress,1842-04-14,
"Crafts, Samuel C.",VT,SEVENTH Congress,1842-04-23,
"Dayton, William L.",NJ,SEVENTH Congress,1842-07-02,
"McDuffie, George",SC,SEVENTH Congress,1842-12-02,
"Atherton, Charles G.",NH,EIGHTH Congress,1843-03-04,
"Breese, Sidney",IL,EIGHTH Congress,1843-03-04,
"Colquitt, Walter T.",GA,EIGHTH Congress,1843-03-04,
"Hannegan, Edward A.",IN,EIGHTH Congress,1843-03-04,
"Haywood, William H., Jr.",NC,EIGHTH Congress,1843-03-04,
"Huger, Daniel Elliott",SC,EIGHTH Congress,1843-03-04,
"Niles, John M.",CT,EIGHTH Congress,1843-03-04,
"Pearce, James A.",MD,EIGHTH Congress,1843-03-04,
"Upham, William",VT,EIGHTH Congress,1843-03-04,
"Fairfield, John",ME,EIGHTH Congress,1843-03-07,
"Semple, James",IL,EIGHTH Congress,1843-08-16,
"Atchison, David R.",MO,EIGHTH Congress,1843-10-14,
"Foster, Ephraim H.",TN,EIGHTH Congress,1843-10-17,
"Jarnagin, Spencer",TN,EIGHTH Congress,1843-10-17,
"Francis, John B.",RI,EIGHTH Congress,1844-01-25,
"Johnson, Henry",LA,EIGHTH Congress,1844-02-12,
"Lewis, Dixon H.",AL,EIGHTH Congress,1844-04-22,
"Foster, Henry A.",NY,EIGHTH Congress,1844-04-22,
"Dix, John A.",NY,EIGHTH Congress,1845-01-18,
"Bright, Jesse D.",IN,NINTH Congress,1845-03-04,
"Cass, Lewis",MI,NINTH Congress,1845-03-04,
"Clayton, John M.",DE,NINTH Congress,1845-03-04,
"Corwin, Thomas",OH,NINTH Congress,1845-03-04,
"Greene, Albert C.",RI,NINTH Congress,1845-03-04,
"Johnson, Reverdy",MD,NINTH Congress,1845-03-04,
"Speight, Jesse",MS,NINTH Congress,1845-03-04,
"Turney, Hopkins L.",TN,NINTH Congress,1845-03-04,
"Webster, Daniel",MA,NINTH Congress,1845-03-04,
"Cameron, Simon",PA,NINTH Congress,1845-03-13,
"Davis, John",MA,NINTH Congress,1845-03-24,
"Westcott, James D., Jr.",FL,NINTH Congress,1845-07-01,
"Yulee, David Levy",FL,NINTH Congress,1845-07-01,
"Jenness, Benning W.",NH,NINTH Congress,1845-12-01,
"Pennybacker, Isaac S.",VA,NINTH Congress,1845-12-03,
"Houston, Samuel",TX,NINTH Congress,1846-02-21,
"Rusk, Thomas J.",TX,NINTH Congress,1846-02-21,
"Cilley, Joseph",NH,NINTH Congress,1846-06-13,
"Butler, Andrew P.",SC,NINTH Congress,1846-12-04,
"Soule, Pierre",LA,NINTH Congress,1847-01-21,
"Mason, James M.",VA,NINTH Congress,1847-01-21,
"Bradbury, James W.",ME,THIRTIETH Congress,1847-03-04,
"Clarke, John H.",RI,THIRTIETH Congress,1847-03-04,
"Douglas, Stephen A.",IL,THIRTIETH Congress,1847-03-04,
"Downs, Solomon W.",LA,THIRTIETH Congress,1847-03-04,
"Felch, Alpheus",MI,THIRTIETH Congress,1847-03-04,
"Foote, Henry Stuart",MS,THIRTIETH Congress,1847-03-04,
"Hale, John P.",NH,THIRTIETH Congress,1847-03-04,
"Hunter, Robert M.T.",VA,THIRTIETH Congress,1847-03-04,
"Spruance, Presley",DE,THIRTIETH Congress,1847-03-04,
"Underwood, Joseph R.",KY,THIRTIETH Congress,1847-03-04,
"Davis, Jefferson",MS,THIRTIETH Congress,1847-08-10,
"Moor, Wyman B.S.",ME,THIRTIETH Congress,1848-01-05,
"Johnson, Herschel V.",GA,THIRTIETH Congress,1848-02-04,
"Borland, Solon",AR,THIRTIETH Congress,1848-03-30,
"Sebastian, William K.",AR,THIRTIETH Congress,1848-05-12,
"Hamlin, Hannibal",ME,THIRTIETH Congress,1848-06-08,
"Dodge, Henry",WI,THIRTIETH Congress,1848-06-08,
"Walker, Isaac P.",WI,THIRTIETH Congress,1848-06-08,
"Fitzgerald, Thomas",MI,THIRTIETH Congress,1848-06-08,
"Metcalfe, Thomas",KY,THIRTIETH Congress,1848-06-23,
"King, William R.",AL,THIRTIETH Congress,1848-07-01,
"Dodge, Augustus C.",IA,THIRTIETH Congress,1848-12-07,
"Jones, George W.",IA,THIRTIETH Congress,1848-12-07,
"Wales, John",DE,THIRTIETH Congress,1849-02-23,
"Cass, Lewis",MI,FIRST Congress,1849-03-04,
"Chase, Salmon P.",OH,FIRST Congress,1849-03-04,
"Clay, Henry",KY,FIRST Congress,1849-03-04,
"Cooper, James",PA,FIRST Congress,1849-03-04,
"Dawson, William C.",GA,FIRST Congress,1849-03-04,
"Morton, Jackson",FL,FIRST Congress,1849-03-04,
"Norris, Moses, Jr.",NH,FIRST Congress,1849-03-04,
"Seward, William H.",NY,FIRST Congress,1849-03-04,
"Smith, Truman",CT,FIRST Congress,1849-03-04,
"Soule, Pierre",LA,FIRST Congress,1849-03-04,
"Whitcomb, James",IN,FIRST Congress,1849-03-04,
"Shields, James",IL,FIRST Congress,1849-10-27,
"Stewart, David",MD,FIRST Congress,1849-12-06,
"Pratt, Thomas G.",MD,FIRST Congress,1850-01-12,
"Elmore, Franklin H.",SC,FIRST Congress,1850-04-11,
"Barnwell, Robert W.",SC,FIRST Congress,1850-06-04,
"Ewing, Thomas",OH,FIRST Congress,1850-07-20,
"Winthrop, Robert C.",MA,FIRST Congress,1850-07-30,
"Gwin, William M.",CA,FIRST Congress,1850-07-30,
"Rantoul, Robert, Jr.",MA,FIRST Congress,1851-02-01,
"Bayard, James Asheton, Jr.",DE,SECOND Congress,1851-03-04,
"Brodhead, Richard",PA,SECOND Congress,1851-03-04,
"Geyer, Henry S.",MO,SECOND Congress,1851-03-04,
"Fish, Hamilton",NY,SECOND Congress,1851-03-04,
"Foot, Solomon",VT,SECOND Congress,1851-03-04,
"James, Charles T.",RI,SECOND Congress,1851-03-04,
"Jones, James C.",TN,SECOND Congress,1851-03-04,
"Mallory, Stephen R.",FL,SECOND Congress,1851-03-04,
"Stockton, Robert F.",NJ,SECOND Congress,1851-03-04,
"Wade, Benjamin F.",OH,SECOND Congress,1851-03-15,
"Sumner, Charles",MA,SECOND Congress,1851-04-24,
"McRae, John J.",MS,SECOND Congress,1851-12-01,
"Weller, John B.",CA,SECOND Congress,1852-01-30,
"Brooke, Walker",MS,SECOND Congress,1852-02-18,
"Adams, Stephen",MS,SECOND Congress,1852-03-17,
"De Saussure, William F.",SC,SECOND Congress,1852-05-10,
"Toucey, Isaac",CT,SECOND Congress,1852-05-12,
"Charlton, Robert M.",GA,SECOND Congress,1852-05-31,
"Meriwether, David",KY,SECOND Congress,1852-07-06,
"Pettit, John",IN,SECOND Congress,1853-01-11,
"Fitzpatrick, Benjamin",AL,SECOND Congress,1853-01-14,
"Phelps, Samuel S.",VT,SECOND Congress,1853-01-17,
"Allen, Philip",RI,THIRD Congress,1853-03-04,
"Atherton, Charles G.",NH,THIRD Congress,1853-03-04,
"Benjamin, Judah P.",LA,THIRD Congress,1853-03-04,
"Clay, Clement Claiborne, Jr.",AL,THIRD Congress,1853-03-04,
"Clayton, John M.",DE,THIRD Congress,1853-03-04,
"Evans, Josiah J.",SC,THIRD Congress,1853-03-04,
"Everett, Edward",MA,THIRD Congress,1853-03-04,
"Stuart, Charles E.",MI,THIRD Congress,1853-03-04,
"Thompson, John B.",KY,THIRD Congress,1853-03-04,
"Thomson, John R.",NJ,THIRD Congress,1853-03-04,
"Toombs, Robert",GA,THIRD Congress,1853-03-04,
"Wright, William",NJ,THIRD Congress,1853-03-04,
"Slidell, John",LA,THIRD Congress,1853-04-28,
"Johnson, Robert W.",AR,THIRD Congress,1853-07-06,
"Brown, Albert G.",MS,THIRD Congress,1854-01-07,
"Fessenden, William Pitt",ME,THIRD Congress,1854-02-10,
"Gillette, Francis",CT,THIRD Congress,1854-05-25,
"Rockwell, Julius",MA,THIRD Congress,1854-06-03,
"Brainerd, Lawrence",VT,THIRD Congress,1854-10-14,
"Reid, David S.",NC,THIRD Congress,1854-12-06,
"Wells, John S.",NH,THIRD Congress,1855-01-16,
"Wilson, Henry",MA,THIRD Congress,1855-01-31,
"Biggs, Asa",NC,FOURTH Congress,1855-03-04,
"Collamer, Jacob",VT,FOURTH Congress,1855-03-04,
"Crittenden, John J.",KY,FOURTH Congress,1855-03-04,
"Durkee, Charles",WI,FOURTH Congress,1855-03-04,
"Foster, Lafayette S.",CT,FOURTH Congress,1855-03-04,
"Iverson, Alfred, Sr.",GA,FOURTH Congress,1855-03-04,
"Pugh, George E.",OH,FOURTH Congress,1855-03-04,
"Trumbull, Lyman",IL,FOURTH Congress,1855-03-04,
"Yulee, David L.",FL,FOURTH Congress,1855-03-04,
"Hale, John P.",NH,FOURTH Congress,1855-07-30,
"Bell, James",NH,FOURTH Congress,1855-07-30,
"Bigler, William",PA,FOURTH Congress,1856-01-14,
"Green, James S.",MO,FOURTH Congress,1857-01-12,
"Gwin, William M.",CA,FOURTH Congress,1857-01-13,
"Bates, Martin W.",DE,FOURTH Congress,1857-01-14,
"Nourse, Amos",ME,FOURTH Congress,1857-01-16,
"Harlan, James",IA,FOURTH Congress,1857-01-29,
"Fitch, Graham N.",IN,FOURTH Congress,1857-02-04,
"Broderick, David C.",CA,FIFTH Congress,1857-03-04,
"Cameron, Simon",PA,FIFTH Congress,1857-03-04,
"Chandler, Zachariah",MI,FIFTH Congress,1857-03-04,
"Davis, Jefferson",MS,FIFTH Congress,1857-03-04,
"Dixon, James",CT,FIFTH Congress,1857-03-04,
"Doolittle, James R.",WI,FIFTH Congress,1857-03-04,
"Hamlin, Hannibal",ME,FIFTH Congress,1857-03-04,
"King, Preston",NY,FIFTH Congress,1857-03-04,
"Polk, Trusten",MO,FIFTH Congress,1857-03-04,
"Simmons, James F.",RI,FIFTH Congress,1857-03-04,
"Kennedy, Anthony",MD,FIFTH Congress,1857-03-04,
"Clark, Daniel",NH,FIFTH Congress,1857-06-27,
"Johnson, Andrew",TN,FIFTH Congress,1857-10-08,
"Hammond, James H.",SC,FIFTH Congress,1857-12-07,
"Clingman, Thomas L.",NC,FIFTH Congress,1858-05-06,
"Hayne, Arthur P.",SC,FIFTH Congress,1858-05-11,
"Rice, Henry M.",MN,FIFTH Congress,1858-05-11,
"Shields, James",MN,FIFTH Congress,1858-05-11,
"Chesnut, James Jr.",SC,FIFTH Congress,1858-12-03,
"Lane, Joseph",OR,FIFTH Congress,1859-02-14,
"Smith, Delazon",OR,FIFTH Congress,1859-02-14,
"Anthony, Henry B.",RI,SIXTH Congress,1859-03-04,
"Bingham, Kinsley S.",MI,SIXTH Congress,1859-03-04,
"Bragg, Thomas",NC,SIXTH Congress,1859-03-04,
"Hemphill, John",TX,SIXTH Congress,1859-03-04,
"Grimes, James W.",IA,SIXTH Congress,1859-03-04,
"Nicholson, Alfred O.P.",TN,SIXTH Congress,1859-03-04,
"Powell, Lazarus W.",KY,SIXTH Congress,1859-03-04,
"Saulsbury, Willard, Sr.",DE,SIXTH Congress,1859-03-04,
"Ten Eyck, John C.",NJ,SIXTH Congress,1859-03-04,
"Wilkinson, Morton S.",MN,SIXTH Congress,1859-03-04,
"Wigfall, Louis T.",TX,SIXTH Congress,1859-12-05,
"Latham, Milton S.",CA,SIXTH Congress,1860-03-05,
"Baker, Edward D.",OR,SIXTH Congress,1860-10-02,
"Morrill, Lot Myrick",ME,SIXTH Congress,1861-01-17,
"Breckinridge, John C.",KY,SEVENTH Congress,1861-03-04,
"Chase, Salmon P.",OH,SEVENTH Congress,1861-03-04,
"Cowan, Edgar",PA,SEVENTH Congress,1861-03-04,
"Harris, Ira",NY,SEVENTH Congress,1861-03-04,
"Howe, Timothy O.",WI,SEVENTH Congress,1861-03-04,
"Lane, Henry S.",IN,SEVENTH Congress,1861-03-04,
"McDougall, James A.",CA,SEVENTH Congress,1861-03-04,
"Mitchel, Charles B.",AR,SEVENTH Congress,1861-03-04,
"Nesmith, James W.",OR,SEVENTH Congress,1861-03-04,
"Stark, Benjamin",OR,SEVENTH Congress,1861-03-04,
"Wilmot, David",PA,SEVENTH Congress,1861-03-04,
"Johnson, Waldo P.",MO,SEVENTH Congress,1861-03-17,
"Sherman, John",OH,SEVENTH Congress,1861-03-21,
"Lane, James H.",KS,SEVENTH Congress,1861-04-04,
"Pomeroy, Samuel C.",KS,SEVENTH Congress,1861-04-04,
"Browning, Orville H.",IL,SEVENTH Congress,1861-06-26,
"Willey, Waitman T.",VA,SEVENTH Congress,1861-07-09,
"Carlile, John S.",VA,SEVENTH Congress,1861-07-09,
"Howard, Jacob M.",MI,SEVENTH Congress,1862-01-04,
"Henderson, John B.",MO,SEVENTH Congress,1862-01-17,
"Wilson, Robert",MO,SEVENTH Congress,1862-01-17,
"Wright, Joseph A.",IN,SEVENTH Congress,1862-02-24,
"Richardson, William A.",IL,SEVENTH Congress,1863-01-30,
"Turpie, David",IN,SEVENTH Congress,1863-01-14,
"Wall, James W.",NJ,SEVENTH Congress,1863-01-14,
"Bowden, Lemuel J.",VA,EIGHTH Congress,1863-03-04,
"Buckalew, Charles R.",PA,EIGHTH Congress,1863-03-04,
"Conness, John",CA,EIGHTH Congress,1863-03-04,
"Hendricks, Thomas A.",IN,EIGHTH Congress,1863-03-04,
"Johnson, Reverdy",MD,EIGHTH Congress,1863-03-04,
"Morgan, Edwin D.",NY,EIGHTH Congress,1863-03-04,
"Ramsey, Alexander",MN,EIGHTH Congress,1863-03-04,
"Wright, William",NJ,EIGHTH Congress,1863-03-04,
"Van Winkle, Peter G.",WV,EIGHTH Congress,1863-08-04,
"Willey, Waitman T.",WV,EIGHTH Congress,1863-08-04,
"Riddle, George Read",DE,EIGHTH Congress,1864-01-29,
"Farwell, Nathan A.",ME,EIGHTH Congress,1864-10-27,
"Cragin, Aaron H.",NH,NINTH Congress,1865-03-04,
"Guthrie, James",KY,NINTH Congress,1865-03-04,
"Fessenden, William Pitt",ME,NINTH Congress,1865-03-04,
"Norton, Daniel S.",MN,NINTH Congress,1865-03-04,
"Poland, Luke P.",VT,NINTH Congress,1865-03-04,
"Williams, George Henry",OR,NINTH Congress,1865-03-04,
"Yates, Richard",IL,NINTH Congress,1865-03-04,
"Creswell, John A.J.",MD,NINTH Congress,1865-03-09,
"Stockton, John P.",NJ,NINTH Congress,1865-03-15,
"Kirkwood, Samuel J.",IA,NINTH Congress,1866-01-13,
"Edmunds, George F.",VT,NINTH Congress,1866-04-03,
"Ross, Edmund G.",KS,NINTH Congress,1866-07-19,
"Fowler, Joseph S.",TN,NINTH Congress,1866-07-24,
"Patterson, David T.",TN,NINTH Congress,1866-07-28,
"Fogg, George G.",NH,NINTH Congress,1866-08-31,
"Thayer, John M.",NE,NINTH Congress,1867-03-01,
"Tipton, Thomas",NE,NINTH Congress,1867-03-01,
"Cameron, Simon",PA,FORTIETH Congress,1867-03-04,
"Cole, Cornelius",CA,FORTIETH Congress,1867-03-04,
"Conkling, Roscoe",NY,FORTIETH Congress,1867-03-04,
"Corbett, Henry W.",OR,FORTIETH Congress,1867-03-04,
"Drake, Charles D.",MO,FORTIETH Congress,1867-03-04,
"Ferry, Orris S.",CT,FORTIETH Congress,1867-03-04,
"Harlan, James",IA,FORTIETH Congress,1867-03-04,
"Morrill, Justin S.",VT,FORTIETH Congress,1867-03-04,
"Morton, Oliver H.P.T.",IN,FORTIETH Congress,1867-03-04,
"Patterson, James W.",NH,FORTIETH Congress,1867-03-04,
"Bayard, James Asheton, Jr.",DE,FORTIETH Congress,1867-04-05,
"McCreery, Thomas C.",KY,FORTIETH Congress,1868-02-19,
"Vickers, George",MD,FORTIETH Congress,1868-03-07,
"McDonald, Alexander",AR,FORTIETH Congress,1868-06-22,
"Rice, Benjamin F.",AR,FORTIETH Congress,1868-06-23,
"Osborn, Thomas W.",FL,FORTIETH Congress,1868-06-25,
"Welch, Adonijah S.",FL,FORTIETH Congress,1868-06-25,
"Harris, John S.",LA,FORTIETH Congress,1868-07-09,
"Kellogg, William P.",LA,FORTIETH Congress,1868-07-09,
"Whyte, William Pinkney",MD,FORTIETH Congress,1868-07-13,
"Abbott, Joseph C.",NC,FORTIETH Congress,1868-07-14,
"Pool, John",NC,FORTIETH Congress,1868-07-14,
"Robertson, Thomas J.",SC,FORTIETH Congress,1868-07-15,
"Sawyer, Frederick A.",SC,FORTIETH Congress,1868-07-16,
"Spencer, George E.",AL,FORTIETH Congress,1868-07-21,
"Warner, Willard",AL,FORTIETH Congress,1868-07-23,
"Bayard, Thomas F., Sr.",DE,FIRST Congress,1869-03-04,
"Boreman, Arthur",WV,FIRST Congress,1869-03-04,
"Brownlow, William G.",TN,FIRST Congress,1869-03-04,
Buckingham William A.,CT,FIRST Congress,1869-03-04,
"Carpenter, Matthew H.",WI,FIRST Congress,1869-03-04,
"Casserly, Eugene",CA,FIRST Congress,1869-03-04,
"Fenton, Reuben E.",NY,FIRST Congress,1869-03-04,
"Gilbert, Abijah",FL,FIRST Congress,1869-03-04,
"Hamilton, William T.",MD,FIRST Congress,1869-03-04,
"Hamlin, Hannibal",ME,FIRST Congress,1869-03-04,
"Pratt, Daniel D.",IN,FIRST Congress,1869-03-04,
"Schurz, Carl",MO,FIRST Congress,1869-03-04,
"Scott, John",PA,FIRST Congress,1869-03-04,
"Stockton, John P.",NJ,FIRST Congress,1869-03-04,
"Thurman, Allen G.",OH,FIRST Congress,1869-03-04,
"Morrill, Lot Myrick",ME,FIRST Congress,1869-10-30,
"Howell, James B.",IA,FIRST Congress,1870-01-18,
"Johnston, John W.",VA,FIRST Congress,1870-01-26,
"Lewis, John F.",VA,FIRST Congress,1870-01-26,
"Ames, Adelbert",MS,FIRST Congress,1870-02-23,
"Revels, Hiram R.",MS,FIRST Congress,1870-02-23,
"Flanagan, J. W.",TX,FIRST Congress,1870-03-30,
"Hamilton, Morgan C.",TX,FIRST Congress,1870-03-30,
"Windom, William",MN,FIRST Congress,1870-07-15,
"Blair, Francis P.",MO,FIRST Congress,1871-01-20,
"Stearns, Ozora P.",MN,FIRST Congress,1871-01-23,
"Hill, Joshua",GA,FIRST Congress,1871-02-01,
"Miller, Homer V. M.",GA,FIRST Congress,1871-02-24,
"Caldwell, Alexander",KS,SECOND Congress,1871-03-04,
"Cooper, Henry",TN,SECOND Congress,1871-03-04,
"Davis, Henry G.",WV,SECOND Congress,1871-03-04,
"Ferry, Thomas W.",MI,SECOND Congress,1871-03-04,
"Frelinghuysen, Frederick T.",NJ,SECOND Congress,1871-03-04,
"Goldthwaite, George",AL,SECOND Congress,1871-03-04,
"Hitchcock, Phineas W.",NE,SECOND Congress,1871-03-04,
"Kelly, James K.",OR,SECOND Congress,1871-03-04,
"Logan, John A.",IL,SECOND Congress,1871-03-04,
"Saulsbury, Eli",DE,SECOND Congress,1871-03-04,
"Stevenson, John W.",KY,SECOND Congress,1871-03-04,
"West, J. Rodman",LA,SECOND Congress,1871-03-04,
"Wright, George G.",IA,SECOND Congress,1871-03-04,
"Windom, William",MN,SECOND Congress,1871-03-04,
"Clayton, Powell",AR,SECOND Congress,1871-03-14,
"Alcorn, James L.",MS,SECOND Congress,1871-12-04,
"Ransom, Matt W.",NC,SECOND Congress,1872-01-30,
"Allison, William B.",IA,THIRD Congress,1873-03-04,
"Bogy, Lewis V.",MO,THIRD Congress,1873-03-04,
"Conover, Simon B.",FL,THIRD Congress,1873-03-04,
"Dennis, George R.",MD,THIRD Congress,1873-03-04,
"Dorsey, Stephen W.",AR,THIRD Congress,1873-03-04,
"Gordon, John B.",GA,THIRD Congress,1873-03-04,
"Ingalls, John J.",KS,THIRD Congress,1873-03-04,
"Jones, John P.",NV,THIRD Congress,1873-03-04,
"McCreery, Thomas C.",KY,THIRD Congress,1873-03-04,
"Merrimon, Augustus S.",NC,THIRD Congress,1873-03-04,
"Mitchell, John H.",OR,THIRD Congress,1873-03-04,
"Oglesby, Richard J.",IL,THIRD Congress,1873-03-04,
"Patterson, John J.",SC,THIRD Congress,1873-03-04,
"Sargent, Aaron A.",CA,THIRD Congress,1873-03-04,
"Wadleigh, Bainbridge",NH,THIRD Congress,1873-03-04,
"Boutwell, George S.",MA,THIRD Congress,1873-03-12,
"Pease, Henry R.",MS,THIRD Congress,1874-02-03,
"Harvey, James M.",KS,THIRD Congress,1874-02-12,
"Washburn, William B.",MA,THIRD Congress,1874-04-17,
"Eaton, William W.",CT,THIRD Congress,1875-02-05,
"Booth, Newton",CA,FOURTH Congress,1875-03-04,
"Bruce, Blanche K.",MS,FOURTH Congress,1875-03-04,
"Burnside, Ambrose",RI,FOURTH Congress,1875-03-04,
"Cameron, Angus",WI,FOURTH Congress,1875-03-04,
"Caperton, Allen T.",WV,FOURTH Congress,1875-03-04,
"Christiancy, Isaac P.",MI,FOURTH Congress,1875-03-04,
"Cockrell, Francis M.",MO,FOURTH Congress,1875-03-04,
"Dawes, Henry L.",MA,FOURTH Congress,1875-03-04,
"Johnson, Andrew",TN,FOURTH Congress,1875-03-04,
"Jones, Charles W.",FL,FOURTH Congress,1875-03-04,
"Kernan, Francis",NY,FOURTH Congress,1875-03-04,
"Maxey, Samuel B.",TX,FOURTH Congress,1875-03-04,
"McDonald, Joseph E.",IN,FOURTH Congress,1875-03-04,
"McMillan, Samuel J.R.",MN,FOURTH Congress,1875-03-04,
"Paddock, Algernon S.",NE,FOURTH Congress,1875-03-04,
"Randolph, Theodore F.",NJ,FOURTH Congress,1875-03-04,
"Sharon, William",NV,FOURTH Congress,1875-03-04,
"Wallace, William A.",PA,FOURTH Congress,1875-03-04,
"Whyte, William Pinkney",MD,FOURTH Congress,1875-03-04,
"Withers, Robert E.",VA,FOURTH Congress,1875-03-04,
"Key, David M.",TN,FOURTH Congress,1875-08-18,
"Eustis, James B.",LA,FOURTH Congress,1876-01-12,
"Barnum, William H.",CT,FOURTH Congress,1876-03-04,
"Blaine, James G.",ME,FOURTH Congress,1876-07-10,
"Price, Samuel",WV,FOURTH Congress,1876-08-26,
"Chaffee, Jerome B.",CO,FOURTH Congress,1876-08-26,
"Bailey, James E.",TN,FOURTH Congress,1877-01-19,
"Hereford, Frank",WV,FOURTH Congress,1877-01-31,
"Beck, James B.",KY,FIFTH Congress,1877-03-04,
"Butler, Mathew C.",SC,FIFTH Congress,1877-03-04,
"Coke, Richard",TX,FIFTH Congress,1877-03-04,
"Davis, David",IL,FIFTH Congress,1877-03-04,
"Garland, Augustus H.",AR,FIFTH Congress,1877-03-04,
"Grover, La Fayette",OR,FIFTH Congress,1877-03-04,
"Harris, Isham G.",TN,FIFTH Congress,1877-03-04,
"Hill, Benjamin H.",GA,FIFTH Congress,1877-03-04,
"Hoar, George F.",MA,FIFTH Congress,1877-03-04,
"Kellogg, William P.",LA,FIFTH Congress,1877-03-04,
"Kirkwood, Samuel J.",IA,FIFTH Congress,1877-03-04,
"Lamar, Lucius Q.C.",MS,FIFTH Congress,1877-03-04,
"McPherson, John R.",NJ,FIFTH Congress,1877-03-04,
"Morgan, John T.",AL,FIFTH Congress,1877-03-04,
"Plumb, Preston B.",KS,FIFTH Congress,1877-03-04,
"Rollins, Edward H.",NH,FIFTH Congress,1877-03-04,
"Saunders, Alvin",NE,FIFTH Congress,1877-03-04,
"Cameron, James Donald",PA,FIFTH Congress,1877-03-20,
"Matthews, Stanley",OH,FIFTH Congress,1877-03-21,
"Shields, James",MO,FIFTH Congress,1879-01-27,
"Chandler, Zachariah",MI,FIFTH Congress,1879-02-19,
"Call, Wilkinson",FL,SIXTH Congress,1879-03-04,
"Carpenter, Matthew H.",WI,SIXTH Congress,1879-03-04,
"Farley, James T.",CA,SIXTH Congress,1879-03-04,
"Groome, James B.",MD,SIXTH Congress,1879-03-04,
"Hampton, Wade",SC,SIXTH Congress,1879-03-04,
"Hill, Nathaniel P.",CO,SIXTH Congress,1879-03-04,
"Houston, George S.",AL,SIXTH Congress,1879-03-04,
"Jonas, Benjamin F.",LA,SIXTH Congress,1879-03-04,
"Logan, John A.",IL,SIXTH Congress,1879-03-04,
"Pendleton, George H.",OH,SIXTH Congress,1879-03-04,
"Platt, Orville H.",CT,SIXTH Congress,1879-03-04,
"Slater, James H.",OR,SIXTH Congress,1879-03-04,
"Vance, Zebulon",NC,SIXTH Congress,1879-03-04,
"Vest, George G.",MO,SIXTH Congress,1879-03-04,
"Walker, James D.",AR,SIXTH Congress,1879-03-04,
"Williams, John Stuart",KY,SIXTH Congress,1879-03-04,
"Bell, Charles H.",NH,SIXTH Congress,1879-03-13,
"Blair, Henry W.",NH,SIXTH Congress,1879-06-17,
"Pryor, Luke",AL,SIXTH Congress,1880-01-07,
"Brown, Joseph E.",GA,SIXTH Congress,1880-05-26,
"MCamden, Johnson N.",WV,SEVENTH Congress,1881-03-04,
"Conger, Omar D.",MI,SEVENTH Congress,1881-03-04,
"Fair, James G.",NV,SEVENTH Congress,1881-03-04,
"George, James Z.",MS,SEVENTH Congress,1881-03-04,
"Gorman, Arthur P.",MD,SEVENTH Congress,1881-03-04,
"Hale, Eugene",ME,SEVENTH Congress,1881-03-04,
"Harrison, Benjamin",IN,SEVENTH Congress,1881-03-04,
"Hawley, Joseph R.",CT,SEVENTH Congress,1881-03-04,
"Jackson, Howell E.",TN,SEVENTH Congress,1881-03-04,
"Mahone, William",VA,SEVENTH Congress,1881-03-04,
"Miller, John F.",CA,SEVENTH Congress,1881-03-04,
"Mitchell, John I.",PA,SEVENTH Congress,1881-03-04,
"Platt, Thomas C.",NY,SEVENTH Congress,1881-03-04,
"Sawyer, Philetus",WI,SEVENTH Congress,1881-03-04,
"Sewell, William J.",NJ,SEVENTH Congress,1881-03-04,
"Sherman, John",OH,SEVENTH Congress,1881-03-04,
"Van Wyck, Charles H.",NE,SEVENTH Congress,1881-03-04,
"McDill, James W.",IA,SEVENTH Congress,1881-03-08,
"Edgerton, A.J.",MN,SEVENTH Congress,1881-03-12,
"Cameron, Angus",WI,SEVENTH Congress,1881-03-14,
"Frye, William P.",ME,SEVENTH Congress,1881-03-18,
"Miller, Warner",NY,SEVENTH Congress,1881-07-16,
"Lapham, Elbridge G.",NY,SEVENTH Congress,1881-07-22,
"Aldrich, Nelson W.",RI,SEVENTH Congress,1881-10-05,
"Windom, William",MN,SEVENTH Congress,1881-10-05,
"Chilcott, George M.",CO,SEVENTH Congress,1882-04-17,
"Tabor, Horace A.W.",CO,SEVENTH Congress,1883-01-27,
"Bowen, Thomas M.",CO,EIGHTH Congress,1883-03-04,
"Cullom, Shelby M.",IL,EIGHTH Congress,1883-03-04,
"Colquitt, Alfred H.",GA,EIGHTH Congress,1883-03-04,
"Dolph, Joseph N.",OR,EIGHTH Congress,1883-03-04,
"Gibson, Randall L.",LA,EIGHTH Congress,1883-03-04,
"Kenna, John E.",WV,EIGHTH Congress,1883-03-04,
"Manderson, Charles F.",NE,EIGHTH Congress,1883-03-04,
"Palmer, Thomas W.",MI,EIGHTH Congress,1883-03-04,
"Pike, Austin F.",NH,EIGHTH Congress,1883-03-04,
"Riddleberger, Harrison H.",VA,EIGHTH Congress,1883-03-04,
"Sabin, Dwight M.",MN,EIGHTH Congress,1883-03-04,
"Wilson, James F.",IA,EIGHTH Congress,1883-03-04,
"Chace, Jonathan",RI,EIGHTH Congress,1885-01-20,
"Blackburn, Joseph C.S.",KY,NINTH Congress,1885-03-04,
"Eustis, James B.",LA,NINTH Congress,1885-03-04,
"Evarts, William M.",NY,NINTH Congress,1885-03-04,
"Jones, James K.",AR,NINTH Congress,1885-03-04,
"Payne, Henry B.",OH,NINTH Congress,1885-03-04,
"Spooner, John Coit",WI,NINTH Congress,1885-03-04,
"Stanford, Leland",CA,NINTH Congress,1885-03-04,
"Teller, Henry M.",CO,NINTH Congress,1885-03-04,
"Wilson, Ephraim King",MD,NINTH Congress,1885-03-04,
"Walthall, Edward C.",MS,NINTH Congress,1885-03-09,
"Gray, George",DE,NINTH Congress,1885-03-18,
"Berry, James H.",AR,NINTH Congress,1885-03-20,
"Hearst, George",CA,NINTH Congress,1886-03-23,
"Whitthorne, Washington C.",TN,NINTH Congress,1886-04-16,
"Williams, Abram P.",CA,NINTH Congress,1886-08-04,
"Farwell, Charles B.",IL,NINTH Congress,1887-01-19,
"Bate, William B.",TN,FIFTIETH Congress,1887-03-04,
"Blodgett, Rufus",NJ,FIFTIETH Congress,1887-03-04,
"Daniel, John W.",VA,FIFTIETH Congress,1887-03-04,
"Davis, Cushman K.",MN,FIFTIETH Congress,1887-03-04,
"Faulkner, Charles J.",WV,FIFTIETH Congress,1887-03-04,
"Hearst, George",CA,FIFTIETH Congress,1887-03-04,
"Hiscock, Frank",NY,FIFTIETH Congress,1887-03-04,
"Paddock, Algernon S.",NE,FIFTIETH Congress,1887-03-04,
"Quay, Matthew S.",PA,FIFTIETH Congress,1887-03-04,
"Reagan, John H.",TX,FIFTIETH Congress,1887-03-04,
"Stewart, William M.",NV,FIFTIETH Congress,1887-03-04,
"Stockbridge, Francis B.",MI,FIFTIETH Congress,1887-03-04,
"Turpie, David",IN,FIFTIETH Congress,1887-03-04,
"Pasco, Samuel",FL,FIFTIETH Congress,1887-05-19,
"Chandler, William E.",NH,FIFTIETH Congress,1887-06-14,
"Barbour, John S., Jr.",VA,FIRST Congress,1889-03-04,
"Higgins, Anthony",DE,FIRST Congress,1889-03-04,
"Marston, Gilman",NH,FIRST Congress,1889-03-04,
"McMillan, James",MI,FIRST Congress,1889-03-04,
"Washburn, William D.",MN,FIRST Congress,1889-03-04,
"Wolcott, Edward O.",CO,FIRST Congress,1889-03-04,
"Dixon, Nathan F.",RI,FIRST Congress,1889-04-10,
"Chandler, William E.",NH,FIRST Congress,1889-06-18,
"Pettigrew, Richard F.",SD,FIRST Congress,1889-06-18,
"Squire, Watson C.",WA,FIRST Congress,1889-06-18,
"Sanders, Wilbur F.",MT,FIRST Congress,1890-01-01,
"Power, Thomas C.",MT,FIRST Congress,1890-01-02,
"Carlisle, John G.",KY,FIRST Congress,1890-05-17,
"Shoup, George L.",ID,FIRST Congress,1890-05-17,
"Brice, Calvin S.",OH,SECOND Congress,1891-03-04,
"Dubois, Fred T.",ID,SECOND Congress,1891-03-04,
"Gallinger, Jacob H.",NH,SECOND Congress,1891-03-04,
"Gordon, John B.",GA,SECOND Congress,1891-03-04,
"Hansbrough, Henry C.",ND,SECOND Congress,1891-03-04,
"Irby, John L.M.",SC,SECOND Congress,1891-03-04,
"Kyle, James H.",SD,SECOND Congress,1891-03-04,
"Palmer, John M.",IL,SECOND Congress,1891-03-04,
"Peffer, William A.",KS,SECOND Congress,1891-03-04,
"Vilas, William F.",WI,SECOND Congress,1891-03-04,
"White, Edward D.",LA,SECOND Congress,1891-03-04,
"Felton, Charles N.",CA,SECOND Congress,1891-03-19,
"Chilton, Horace",TX,SECOND Congress,1891-06-10,
"Perkins, Bishop W.",KS,SECOND Congress,1892-01-01,
"Hill, David B.",NY,SECOND Congress,1892-01-07,
"Mills, Roger Q.",TX,SECOND Congress,1892-03-29,
"Hunton, Eppa",VA,SECOND Congress,1892-05-28,
"Camden, Johnson N.",WV,SECOND Congress,1893-01-25,
"Lindsay, William",KY,SECOND Congress,1893-02-15,
"Roach, William N.",ND,THIRD Congress,1893-03-04,
"White, Stephen M.",CA,THIRD Congress,1893-03-04,
"Allen, William V.",NE,THIRD Congress,1893-03-04,
"Lodge, Henry Cabot",MA,THIRD Congress,1893-03-04,
"Martin, John",KS,THIRD Congress,1893-03-04,
"Mitchell, John L.",WI,THIRD Congress,1893-03-04,
"Murphy, Edward, Jr.",NY,THIRD Congress,1893-03-04,
"Smith, James, Jr.",NJ,THIRD Congress,1893-03-04,
"Perkins, George C.",CA,THIRD Congress,1893-07-26,
"McLaurin, Anselm J.",MS,THIRD Congress,1894-02-07,
"Blanchard, Newton",LA,THIRD Congress,1894-03-12,
"Walsh, Patrick",GA,THIRD Congress,1894-04-02,
"Jarvis, Thomas J.",NC,THIRD Congress,1894-04-19,
"Patton, John, Jr.",MI,THIRD Congress,1894-05-05,
"Mantle, Lee",MT,THIRD Congress,1895-01-16,
"Burrows, Julius C.",MI,THIRD Congress,1895-01-23,
"Pritchard, Jeter C.",NC,THIRD Congress,1895-01-24,
"Clark, Clarence D.",WY,THIRD Congress,1895-01-24,
"Wilson, John L.",WA,THIRD Congress,1895-02-19,
"Bacon, Augustus O.",GA,FOURTH Congress,1895-03-04,
"Baker, Lucien",KS,FOURTH Congress,1895-03-04,
"Butler, Marion",NC,FOURTH Congress,1895-03-04,
"Carter, Thomas H.",MT,FOURTH Congress,1895-03-04,
"Chilton, Horace",TX,FOURTH Congress,1895-03-04,
"Elkins, Stephen B.",WV,FOURTH Congress,1895-03-04,
"Gear, John H.",IA,FOURTH Congress,1895-03-04,
"Martin, Thomas S.",VA,FOURTH Congress,1895-03-04,
"McBride, George W.",OR,FOURTH Congress,1895-03-04,
"Nelson, Knute",MN,FOURTH Congress,1895-03-04,
"Sewell, William J.",NJ,FOURTH Congress,1895-03-04,
"Thurston, John M.",NE,FOURTH Congress,1895-03-04,
"Tillman, Benjamin R.",SC,FOURTH Congress,1895-03-04,
"Warren, Francis E.",WY,FOURTH Congress,1895-03-04,
"Walthall, Edward C.",MS,FOURTH Congress,1895-03-04,
"Wetmore, George P.",RI,FOURTH Congress,1895-03-04,
"Brown, Arthur",UT,FOURTH Congress,1896-01-22,
"Cannon, Frank J.",UT,FOURTH Congress,1896-01-22,
"Kenney, Richard R.",DE,FOURTH Congress,1897-01-19,
"Clay, Alexander S.",GA,FIFTH Congress,1897-03-04,
"Deboe, William J.",KY,FIFTH Congress,1897-03-04,
"Earle, Joseph H.",SC,FIFTH Congress,1897-03-04,
"Fairbanks, Charles W.",IN,FIFTH Congress,1897-03-04,
"Foraker, Joseph B.",OH,FIFTH Congress,1897-03-04,
"Harris, William A.",KS,FIFTH Congress,1897-03-04,
"Heitfeld, Henry",ID,FIFTH Congress,1897-03-04,
"Mason, William E.",IL,FIFTH Congress,1897-03-04,
"McEnery, Samuel D.",LA,FIFTH Congress,1897-03-04,
"Penrose, Boies",PA,FIFTH Congress,1897-03-04,
"Pettus, Edmund W.",AL,FIFTH Congress,1897-03-04,
"Platt, Thomas C.",NY,FIFTH Congress,1897-03-04,
"Rawlins, Joseph L.",UT,FIFTH Congress,1897-03-04,
"Spooner, John C.",WI,FIFTH Congress,1897-03-04,
"Wellington, George L.",MD,FIFTH Congress,1897-03-04,
"Hanna, Marcus A.",OH,FIFTH Congress,1897-03-05,
"Mallory, Stephen",FL,FIFTH Congress,1897-05-15,
"McLaurin, John L.",SC,FIFTH Congress,1897-06-01,
"Turley, Thomas B.",TN,FIFTH Congress,1897-07-20,
"Money, Hernando D.",MS,FIFTH Congress,1897-10-08,
"Sullivan, William Van Amberg",MS,FIFTH Congress,1898-05-31,
"Simon, Joseph",OR,FIFTH Congress,1898-10-08,
"Ross, Jonathan",VT,FIFTH Congress,1899-01-11,
"Beveridge, Albert J.",IN,SIXTH Congress,1899-03-04,
"Clark, William A.",MT,SIXTH Congress,1899-03-04,
"Culberson, Charles A.",TX,SIXTH Congress,1899-03-04,
"Depew, Chauncey M.",NY,SIXTH Congress,1899-03-04,
"Foster, Addison G.",WA,SIXTH Congress,1899-03-04,
"Kean, John",NJ,SIXTH Congress,1899-03-04,
"McComas, Louis E.",MD,SIXTH Congress,1899-03-04,
"McCumber, Porter J.",ND,SIXTH Congress,1899-03-04,
"Quarles, Joseph V.",WI,SIXTH Congress,1899-03-04,
"Scott, Nathan B.",WV,SIXTH Congress,1899-03-04,
"Hayward, Monroe L.",NE,SIXTH Congress,1899-03-08,
"Taliaferro, James P.",FL,SIXTH Congress,1899-04-19,
"Bard, Thomas R.",CA,SIXTH Congress,1900-02-07,
"Dolliver, Jonathan P.",IA,SIXTH Congress,1900-08-22,
"Dillingham, William P.",VT,SIXTH Congress,1900-10-18,
"Towne, Charles A.",MN,SIXTH Congress,1900-12-05,
"Quay, Matthew S.",PA,SIXTH Congress,1901-01-16,
"Kearns, Thomas",UT,SIXTH Congress,1901-01-23,
"Clapp, Moses E.",MN,SIXTH Congress,1901-01-28,
"Bailey, Joseph W.",TX,SEVENTH Congress,1901-03-04,
"Blackburn, Joseph C.S.",KY,SEVENTH Congress,1901-03-04,
"Burnham, Henry E.",NH,SEVENTH Congress,1901-03-04,
"Burton, Joseph R.",KS,SEVENTH Congress,1901-03-04,
"Carmack, Edward W.",TN,SEVENTH Congress,1901-03-04,
"Clark, William A.",MT,SEVENTH Congress,1901-03-04,
"Dubois, Fred T.",ID,SEVENTH Congress,1901-03-04,
"Foster, Murphy J.",LA,SEVENTH Congress,1901-03-04,
"Gamble, Robert J.",SD,SEVENTH Congress,1901-03-04,
"McLaurin, Anselm J.",MS,SEVENTH Congress,1901-03-04,
"Mitchell, John H.",OR,SEVENTH Congress,1901-03-04,
"Patterson, Thomas M.",CO,SEVENTH Congress,1901-03-04,
"Simmons, Furnifold M.",NC,SEVENTH Congress,1901-03-04,
"Gibson, Paris",MT,SEVENTH Congress,1901-03-07,
"Dietrich, Charles H.",NE,SEVENTH Congress,1901-03-28,
"Millard, Joseph H.",NE,SEVENTH Congress,1901-03-28,
"Kittredge, Alfred B.",SD,SEVENTH Congress,1901-07-01,
"Dryden, John F.",NJ,SEVENTH Congress,1902-01-29,
"Allee, J. Frank",DE,SEVENTH Congress,1903-03-03,
"Ball, L. Heisler",DE,SEVENTH Congress,1903-03-03,
"Ankeny, Levi",WA,EIGHTH Congress,1903-03-04,
"Clarke, James P.",AR,EIGHTH Congress,1903-03-04,
"Fulton, Charles W.",OR,EIGHTH Congress,1903-03-04,
"Gorman, Arthur P.",MD,EIGHTH Congress,1903-03-04,
"Heyburn, Weldon B.",ID,EIGHTH Congress,1903-03-04,
"Hopkins, Albert J.",IL,EIGHTH Congress,1903-03-04,
"Latimer, Asbury C.",SC,EIGHTH Congress,1903-03-04,
"Long, Chester I.",KS,EIGHTH Congress,1903-03-04,
"McCreary, James B.",KY,EIGHTH Congress,1903-03-04,
"Newlands, Francis G.",NV,EIGHTH Congress,1903-03-04,
"Overman, Lee S.",NC,EIGHTH Congress,1903-03-04,
"Smoot, Reed",UT,EIGHTH Congress,1903-03-04,
"Stone, William J.",MO,EIGHTH Congress,1903-03-04,
"Dick, Charles W.F.",OH,EIGHTH Congress,1904-03-02,
"Knox, Philander C.",PA,EIGHTH Congress,1904-06-10,
"Crane, Winthrop Murray",MA,EIGHTH Congress,1904-10-12,
"Bulkeley, Morgan G.",CT,NINTH Congress,1905-03-04,
"Burkett, Elmer J.",NE,NINTH Congress,1905-03-04,
"Carter, Thomas H.",MT,NINTH Congress,1905-03-04,
"Flint, Frank P.",CA,NINTH Congress,1905-03-04,
"Hemenway, James A.",IN,NINTH Congress,1905-03-04,
"Nixon, George S.",NV,NINTH Congress,1905-03-04,
"Piles, Samuel H.",WA,NINTH Congress,1905-03-04,
"Rayner, Isidor",MD,NINTH Congress,1905-03-04,
"Sutherland, George",UT,NINTH Congress,1905-03-04,
"Warner, William",MO,NINTH Congress,1905-03-18,
"Frazier, James B.",TN,NINTH Congress,1905-03-21,
"Brandegee, Frank B.",CT,NINTH Congress,1905-05-10,
"Gearin, John M.",OR,NINTH Congress,1905-12-09,
"La Follette, Robert M.",WI,NINTH Congress,1906-01-04,
"Whyte, William Pinkney",MD,NINTH Congress,1906-06-08,
"Benson, Alfred W.",KS,NINTH Congress,1906-06-11,
"du Pont, Henry A.",DE,NINTH Congress,1906-06-13,
"Mulkey, Frederick W.",OR,NINTH Congress,1907-01-23,
"Curtis, Charles",KS,NINTH Congress,1907-01-29,
"Smith, William Alden",MI,NINTH Congress,1907-02-09,
"Borah, William E.",ID,SIXTIETH Congress,1907-03-04,
"Bourne, Jonathan, Jr.",OR,SIXTIETH Congress,1907-03-04,
"Briggs, Frank O.",NJ,SIXTIETH Congress,1907-03-04,
"Brown, Norris",NE,SIXTIETH Congress,1907-03-04,
"Davis, Jeff",AR,SIXTIETH Congress,1907-03-04,
"Dixon, Joseph M.",MT,SIXTIETH Congress,1907-03-04,
"Guggenheim, Simon",CO,SIXTIETH Congress,1907-03-04,
"Paynter, Thomas H.",KY,SIXTIETH Congress,1907-03-04,
"Richardson, Harry A.",DE,SIXTIETH Congress,1907-03-04,
"Taylor, Robert L.",TN,SIXTIETH Congress,1907-03-04,
"Stephenson, Isaac",WI,SIXTIETH Congress,1907-05-17,
"Bankhead, John H.",AL,SIXTIETH Congress,1907-06-18,
"Johnston, Joseph F.",AL,SIXTIETH Congress,1907-08-07,
"Owen, Robert L.",OK,SIXTIETH Congress,1907-08-07,
"Wetmore, George Peabody",RI,SIXTIETH Congress,1908-01-22,
"Gary, Frank B.",SC,SIXTIETH Congress,1908-03-06,
"Stewart, John W.",VT,SIXTIETH Congress,1908-03-24,
"Smith, John Walter",MD,SIXTIETH Congress,1908-03-25,
"Milton, William H.",FL,SIXTIETH Congress,1908-03-27,
"Page, Carroll S.",VT,SIXTIETH Congress,1908-10-21,
"Bradley, William O.",KY,FIRST Congress,1909-03-04,
"Bristow, Joseph L.",KS,FIRST Congress,1909-03-04,
"Burton, Theodore E.",OH,FIRST Congress,1909-03-04,
"Chamberlain, George E.",OR,FIRST Congress,1909-03-04,
"Crawford, Coe I.",SD,FIRST Congress,1909-03-04,
"Fletcher, Duncan U.",FL,FIRST Congress,1909-03-04,
"Hughes, Charles James, Jr.",CO,FIRST Congress,1909-03-04,
"Johnson, Martin N.",ND,FIRST Congress,1909-03-04,
"Jones, Wesley L.",WA,FIRST Congress,1909-03-04,
"Root, Elihu",NY,FIRST Congress,1909-03-04,
"Shively, Benjamin F.",IN,FIRST Congress,1909-03-04,
"Smith, Ellison D.",SC,FIRST Congress,1909-03-04,
"Oliver, George T.",PA,FIRST Congress,1909-03-17,
"Lorimer, William",IL,FIRST Congress,1909-06-18,
"Purcell, William E.",ND,FIRST Congress,1910-02-01,
"Percy, Le Roy",MS,FIRST Congress,1910-02-24,
"Swanson, Claude A.",VA,FIRST Congress,1910-08-01,
"Thornton, John R.",LA,FIRST Congress,1910-12-07,
"Elkins, Davis",WV,FIRST Congress,1911-01-09,
"Gronna, Asle J.",ND,FIRST Congress,1911-02-02,
"Watson, Clarence W.",WV,FIRST Congress,1911-02-02,
"Bryan, Nathan P.",FL,SECOND Congress,1911-03-04,
"Chilton, William E.",WV,SECOND Congress,1911-03-04,
"Lea, Luke",TN,SECOND Congress,1911-03-04,
"Lippitt, Henry F.",RI,SECOND Congress,1911-03-04,
"Hitchcock, Gilbert M.",NE,SECOND Congress,1911-03-04,
"Johnson, Charles F.",ME,SECOND Congress,1911-03-04,
"Kern, John W.",IN,SECOND Congress,1911-03-04,
"McLean, George P.",CT,SECOND Congress,1911-03-04,
"Martine, James E.",NJ,SECOND Congress,1911-03-04,
"Myers, Henry L.",MT,SECOND Congress,1911-03-04,
"Poindexter, Miles",WA,SECOND Congress,1911-03-04,
"Pomerene, Atlee",OH,SECOND Congress,1911-03-04,
"Reed, James A.",MO,SECOND Congress,1911-03-04,
"Townsend, Charles",MI,SECOND Congress,1911-03-04,
"Williams, John Sharp",MS,SECOND Congress,1911-03-04,
"Works, John D.",CA,SECOND Congress,1911-03-04,
"O'Gorman, James A.",NY,SECOND Congress,1911-03-31,
"Kenyon, William S.",IA,SECOND Congress,1911-04-12,
"Catron, Thomas B.",NM,SECOND Congress,1912-03-27,
"Fall, Albert B.",NM,SECOND Congress,1912-03-27,
"Smith, Marcus A.",AZ,SECOND Congress,1912-03-27,
"Sanders, Newell",TN,SECOND Congress,1912-04-08,
"Massey, William A.",NV,SECOND Congress,1912-07-01,
"Johnston, Rienzi",TX,SECOND Congress,1913-01-04,
"Heiskell, John N.",AR,SECOND Congress,1913-01-06,
"Thomas, Charles S.",CO,SECOND Congress,1913-01-15,
"Webb, William R.",TN,SECOND Congress,1913-01-24,
"Kavanaugh, William M.",AR,SECOND Congress,1913-01-29,
"Pittman, Key",NV,SECOND Congress,1913-01-29,
"Brady, James H.",ID,SECOND Congress,1913-02-06,
"Burleigh, Edwin C.",ME,THIRD Congress,1913-03-04,
"Colt, LeBaron B.",RI,THIRD Congress,1913-03-04,
"Goff, Nathan",WV,THIRD Congress,1913-03-04,
"Hughes, William",NJ,THIRD Congress,1913-03-04,
"James, Ollie M.",KY,THIRD Congress,1913-03-04,
"Lane, Harry",OR,THIRD Congress,1913-03-04,
"Norris, George W.",NE,THIRD Congress,1913-03-04,
"Ransdell, Joseph E.",LA,THIRD Congress,1913-03-04,
"Robinson, Joseph T.",AR,THIRD Congress,1913-03-04,
"Saulsbury, Willard, Jr.",DE,THIRD Congress,1913-03-04,
"Shafroth, John F.",CO,THIRD Congress,1913-03-04,
"Shields, John K.",TN,THIRD Congress,1913-03-04,
"Sterling, Thomas",SD,THIRD Congress,1913-03-04,
"Thompson, William H.",KS,THIRD Congress,1913-03-04,
"Vardaman, James K.",MS,THIRD Congress,1913-03-04,
"Walsh, Thomas J.",MT,THIRD Congress,1913-03-04,
"Weeks, John W.",MA,THIRD Congress,1913-03-04,
"Hollis, Henry F.",NH,THIRD Congress,1913-03-13,
"Lewis, James Hamilton",IL,THIRD Congress,1913-03-23,
"Sherman, Lawrence Y.",IL,THIRD Congress,1913-03-26,
"Lee, Blair",MD,THIRD Congress,1914-01-29,
"West, William S.",GA,THIRD Congress,1914-03-02,
"White, Francis S.",AL,THIRD Congress,1914-05-11,
"Camden, Johnson N., Jr.",KY,THIRD Congress,1914-06-16,
"Beckham, John C.W.",KY,FOURTH Congress,1915-03-04,
"Broussard, Robert F.",LA,FOURTH Congress,1915-03-04,
"Curtis, Charles",KS,FOURTH Congress,1915-03-04,
"Harding, Warren G.",OH,FOURTH Congress,1915-03-04,
"Husting, Paul O.",WI,FOURTH Congress,1915-03-04,
"Johnson, Edwin S.",SD,FOURTH Congress,1915-03-04,
"Phelan, James D.",CA,FOURTH Congress,1915-03-04,
"Underwood, Oscar W.",AL,FOURTH Congress,1915-03-04,
"Wadsworth, James W., Jr.",NY,FOURTH Congress,1915-03-04,
"Taggart, Thomas",IN,FOURTH Congress,1916-03-20,
"Watson, James E.",IN,FOURTH Congress,1916-03-20,
"Calder, William M.",NY,FIFTH Congress,1917-03-04,
"France, Joseph I.",MD,FIFTH Congress,1917-03-04,
"Frelinghuysen, Joseph S.",NJ,FIFTH Congress,1917-03-04,
"Gerry, Peter G.",RI,FIFTH Congress,1917-03-04,
"Hale, Frederick",ME,FIFTH Congress,1917-03-04,
"Jones, Andrieus A.",NM,FIFTH Congress,1917-03-04,
"Kellogg, Frank B.",MN,FIFTH Congress,1917-03-04,
"Kendrick, John B.",WY,FIFTH Congress,1917-03-04,
"King, William H.",UT,FIFTH Congress,1917-03-04,
"Knox, Philander C.",PA,FIFTH Congress,1917-03-04,
"McKellar, Kenneth",TN,FIFTH Congress,1917-03-04,
"New, Harry S.",IN,FIFTH Congress,1917-03-04,
"Sutherland, Howard",WV,FIFTH Congress,1917-03-04,
"Trammel, Park",FL,FIFTH Congress,1917-03-04,
"Wolcott, Josiah O.",DE,FIFTH Congress,1917-03-04,
"Johnson, Hiram W.",CA,FIFTH Congress,1917-03-16,
"McNary, Charles L.",OR,FIFTH Congress,1917-05-29,
"Henderson, Charles B.",NV,FIFTH Congress,1918-01-01,
"Nugent, John F.",ID,FIFTH Congress,1918-01-22,
"Baird, David",NJ,FIFTH Congress,1918-02-23,
"Lenroot, Irvine L.",WI,FIFTH Congress,1918-04-18,
"Guion, Walter",LA,FIFTH Congress,1918-04-22,
"Wilfley, Xenophon P.",MO,FIFTH Congress,1918-04-30,
"Benet, Christie",SC,FIFTH Congress,1918-07-06,
"Moses, George H.",NH,FIFTH Congress,1918-07-06,
"Mulkey, Frederick W.",OR,FIFTH Congress,1918-07-06,
"Pollock, William P.",SC,FIFTH Congress,1918-07-06,
"Spencer, Selden P.",MO,FIFTH Congress,1918-07-06,
"Ball, L. Heisler",DE,SIXTH Congress,1919-03-04,
"Capper, Arthur",KS,SIXTH Congress,1919-03-04,
"Dial, Nathaniel B.",SC,SIXTH Congress,1919-03-04,
"Edge, Walter E.",NJ,SIXTH Congress,1919-03-04,
"Elkins, Davis",WV,SIXTH Congress,1919-03-04,
"Harris, William J.",GA,SIXTH Congress,1919-03-04,
"Harrison, Pat",MS,SIXTH Congress,1919-03-04,
"Keyes, Henry W.",NH,SIXTH Congress,1919-03-04,
"McCormick, J. Medill",IL,SIXTH Congress,1919-03-04,
"Newberry, Truman H.",MI,SIXTH Congress,1919-03-04,
"Phipps, Lawrence C.",CO,SIXTH Congress,1919-03-04,
"Stanley, A. Owsley",KY,SIXTH Congress,1919-03-04,
"Walsh, David I.",MA,SIXTH Congress,1919-03-04,
"Glass, Carter",VA,SIXTH Congress,1920-02-02,
"Comer, Braxton B.",AL,SIXTH Congress,1920-03-05,
"Willis, Frank B.",OH,SIXTH Congress,1921-01-14,
"Gooding, Frank R.",ID,SIXTH Congress,1921-01-15,
"Broussard, Edwin S.",LA,SEVENTH Congress,1921-03-04,
"Cameron, Ralph H.",AZ,SEVENTH Congress,1921-03-04,
"Caraway, T.H.",AR,SEVENTH Congress,1921-03-04,
"Ernst, Richard P.",KY,SEVENTH Congress,1921-03-04,
"Harreld, John W.",OK,SEVENTH Congress,1921-03-04,
"Ladd, Edwin F.",ND,SEVENTH Congress,1921-03-04,
"McKinley, William B.",IL,SEVENTH Congress,1921-03-04,
"Nicholson, Samuel D.",CO,SEVENTH Congress,1921-03-04,
"Norbeck, Peter",SD,SEVENTH Congress,1921-03-04,
"Oddie, Tasker L.",NV,SEVENTH Congress,1921-03-04,
"Shortridge, Samuel M.",CA,SEVENTH Congress,1921-03-04,
"Stanfield, Robert Nelson",OR,SEVENTH Congress,1921-03-04,
"Watson, Thomas E.",GA,SEVENTH Congress,1921-03-04,
"Weller, Ovington E.",MD,SEVENTH Congress,1921-03-04,
"Bursum, Holm O.",NM,SEVENTH Congress,1921-03-11,
"du Pont, T. Coleman",DE,SEVENTH Congress,1921-07-07,
"Crow, William E.",PA,SEVENTH Congress,1921-10-24,
"Pepper, George Wharton",PA,SEVENTH Congress,1922-01-09,
"Rawson, Charles A.",IA,SEVENTH Congress,1922-02-24,
"Reed, David A.",PA,SEVENTH Congress,1922-08-08,
"Felton, Rebecca L.",GA,SEVENTH Congress,1922-10-03,
"Brookhart, Smith W.",IA,SEVENTH Congress,1922-12-02,
"Bruce, William Cabell",MD,EIGHTH Congress,1923-03-04,
"Copeland, Royal S.",NY,EIGHTH Congress,1923-03-04,
"Dill, Clarence C.",WA,EIGHTH Congress,1923-03-04,
"Edwards, Edward I.",NJ,EIGHTH Congress,1923-03-04,
"Ferris, Woodbridge N.",MI,EIGHTH Congress,1923-03-04,
"Fess, Simeon D.",OH,EIGHTH Congress,1923-03-04,
"Frazier, Lynn J.",ND,EIGHTH Congress,1923-03-04,
"Greene, Frank L.",VT,EIGHTH Congress,1923-03-04,
"Howell, Robert B.",NE,EIGHTH Congress,1923-03-04,
"Mayfield, Earle B.",TX,EIGHTH Congress,1923-03-04,
"Neely, Matthew M.",WV,EIGHTH Congress,1923-03-04,
"Ralston, Samuel Moffet",IN,EIGHTH Congress,1923-03-04,
"Shipstead, Henrik",MN,EIGHTH Congress,1923-03-04,
"Stephens, Hubert D.",MS,EIGHTH Congress,1923-03-04,
"Wheeler, Burton K.",MT,EIGHTH Congress,1923-03-04,
"Adams, Alva B.",CO,EIGHTH Congress,1923-05-17,
"Johnson, Magnus",MN,EIGHTH Congress,1923-07-17,
"Means, Rice W.",CO,EIGHTH Congress,1924-12-01,
"Bingham, Hiram",CT,EIGHTH Congress,1925-01-08,
"Deneen, Charles S.",IL,EIGHTH Congress,1925-02-26,
"Blease, Coleman L.",SC,NINTH Congress,1925-03-04,
"Bratton, Sam G.",NM,NINTH Congress,1925-03-04,
"du Pont, T. Coleman",DE,NINTH Congress,1925-03-04,
"Gillett, Frederick H.",MA,NINTH Congress,1925-03-04,
"Goff, Guy D.",WV,NINTH Congress,1925-03-04,
"McMaster, William H.",SD,NINTH Congress,1925-03-04,
"Pine, William B.",OK,NINTH Congress,1925-03-04,
"Sackett, Frederic M.",KY,NINTH Congress,1925-03-04,
"Schall, Thomas D.",MN,NINTH Congress,1925-03-04,
"Tyson, Lawrence D.",TN,NINTH Congress,1925-03-04,
"Williams, George H.",MO,NINTH Congress,1925-05-25,
"Robinson, Arthur R.",IN,NINTH Congress,1925-10-20,
"Steck, Daniel F.",IA,NINTH Congress,1926-04-12,
"Stewart, David W.",IA,NINTH Congress,1926-08-07,
"Hawes, Harry B.",MO,NINTH Congress,1926-12-06,
"Smith, Frank L.",IL,NINTH Congress,1926-12-06,
"Walsh, David I.",MA,NINTH Congress,1926-12-06,
"Barkley, Alben W.",KY,SEVENTIETH Congress,1927-03-04,
"Black, Hugo L.",AL,SEVENTIETH Congress,1927-03-04,
"Blaine, John J.",WI,SEVENTIETH Congress,1927-03-04,
"Brookhart, Smith W.",IA,SEVENTIETH Congress,1927-03-04,
"Hayden, Carl",AZ,SEVENTIETH Congress,1927-03-04,
"Steiwer, Frederick",OR,SEVENTIETH Congress,1927-03-04,
"Thomas, J. W. Elmer",OK,SEVENTIETH Congress,1927-03-04,
"Tydings, Millard E.",MD,SEVENTIETH Congress,1927-03-04,
"Vare, William S.",PA,SEVENTIETH Congress,1927-03-04,
Wagner Robert F.,NY,SEVENTIETH Congress,1927-03-04,
"Waterman, Charles W.",CO,SEVENTIETH Congress,1927-03-04,
"Vandenberg, Arthur H.",MI,SEVENTIETH Congress,1928-03-31,
"Locher, Cyrus",OH,SEVENTIETH Congress,1928-04-04,
"Thomas, John",ID,SEVENTIETH Congress,1928-06-30,
"Larrazolo, Octaviano A.",NM,SEVENTIETH Congress,1928-12-07,
"Connally, Tom",TX,FIRST Congress,1929-03-04,
"Cutting, Bronson",NM,FIRST Congress,1929-03-04,
"Goldsborough, Phillips Lee",MD,FIRST Congress,1929-03-04,
"Hatfield, Henry D.",WV,FIRST Congress,1929-03-04,
"Hebert, Felix",RI,FIRST Congress,1929-03-04,
"Kean, Hamilton",NJ,FIRST Congress,1929-03-04,
"Patterson, Roscoe C.",MO,FIRST Congress,1929-03-04,
"Townsend, John G., Jr.",DE,FIRST Congress,1929-03-04,
"Walcott, Frederic C.",CT,FIRST Congress,1929-03-04,
"Allen, Henry J.",KS,FIRST Congress,1929-04-01,
"Sullivan, Patrick J.",WY,FIRST Congress,1929-12-05,
"Robsion, John M.",KY,FIRST Congress,1930-01-11,
"Bulkley, Robert J.",OH,FIRST Congress,1930-12-01,
"Carey, Robert D.",WY,FIRST Congress,1930-12-01,
"McGill, George",KS,FIRST Congress,1930-12-01,
"Williamson, Ben M.",KY,FIRST Congress,1930-12-01,
"Davis, James J.",PA,FIRST Congress,1930-12-02,
"Morrow, Dwight W.",NJ,FIRST Congress,1930-12-03,
"Bailey, Josiah W.",NC,SECOND Congress,1931-03-04,
"Bankhead, John H., II",AL,SECOND Congress,1931-03-04,
"Bulow, William J.",SD,SECOND Congress,1931-03-04,
"Byrnes, James F.",SC,SECOND Congress,1931-03-04,
"Coolidge, Marcus A.",MA,SECOND Congress,1931-03-04,
"Costigan, Edward P.",CO,SECOND Congress,1931-03-04,
"Dickinson, L.J.",IA,SECOND Congress,1931-03-04,
"Gore, Thomas P.",OK,SECOND Congress,1931-03-04,
"Hull, Cordell",TN,SECOND Congress,1931-03-04,
"Logan, Marvel M.",KY,SECOND Congress,1931-03-04,
"Neely, Matthew M.",WV,SECOND Congress,1931-03-04,
"White, Wallace H., Jr.",ME,SECOND Congress,1931-03-04,
"Austin, Warren R.",VT,SECOND Congress,1931-04-01,
"Barbour, W. Warren",NJ,SECOND Congress,1931-12-01,
"Long, Huey P.",LA,SECOND Congress,1932-01-25,
"Cohen, John S.",GA,SECOND Congress,1932-04-25,
"Reynolds, Robert R.",NC,SECOND Congress,1932-12-05,
"Schuyler, Karl C.",CO,SECOND Congress,1932-12-07,
"Russell, Richard B., Jr.",GA,SECOND Congress,1933-01-12,
"Bachman, Nathan L.",TN,SECOND Congress,1933-02-28,
"Adams, Alva B.",CO,THIRD Congress,1933-03-04,
"Bone, Homer T.",WA,THIRD Congress,1933-03-04,
"Brown, Fred H.",NH,THIRD Congress,1933-03-04,
"Byrd, Harry Flood",VA,THIRD Congress,1933-03-04,
"Dieterich, William H.",IL,THIRD Congress,1933-03-04,
"Duffy, F. Ryan",WI,THIRD Congress,1933-03-04,
"Lonergan, Augustine",CT,THIRD Congress,1933-03-04,
"McAdoo, William Gibbs",CA,THIRD Congress,1933-03-04,
"Murphy, Richard Louis",IA,THIRD Congress,1933-03-04,
"Overton, John H.",LA,THIRD Congress,1933-03-04,
"Pope, James P.",ID,THIRD Congress,1933-03-04,
"Thomas, Elbert D.",UT,THIRD Congress,1933-03-04,
"Van Nuys, Frederick",IN,THIRD Congress,1933-03-04,
"Erickson, John E.",MT,THIRD Congress,1933-03-13,
"Thompson, William H.",NE,THIRD Congress,1933-05-24,
"Hatch, Carl A.",NM,THIRD Congress,1933-10-10,
"O'Mahoney, Joseph C.",WY,THIRD Congress,1934-01-01,
"Hunter, Richard C.",NE,THIRD Congress,1934-01-01,
"Bilbo, Theodore G.",MS,FOURTH Congress,1935-01-03,
"Burke, Edward R.",NE,FOURTH Congress,1935-01-03,
"Donahey, Vic",OH,FOURTH Congress,1935-01-03,
"Gerry, Peter G.",RI,FOURTH Congress,1935-01-03,
"Guffey, Joseph F.",PA,FOURTH Congress,1935-01-03,
"Maloney, Francis T.",CT,FOURTH Congress,1935-01-03,
"Minton, Sherman",IN,FOURTH Congress,1935-01-03,
"Moore, A. Harry",NJ,FOURTH Congress,1935-01-03,
"Radcliffe, George L.P.",MD,FOURTH Congress,1935-01-03,
"Schwellenbach, Lewis B.",WA,FOURTH Congress,1935-01-03,
"Truman, Harry S.",MO,FOURTH Congress,1935-01-03,
"Chavez, Dennis",NM,FOURTH Congress,1935-05-11,
"Holt, Rush D.",WV,FOURTH Congress,1935-06-21,
"Long, Rose McConnell",LA,FOURTH Congress,1936-01-31,
"Loftin, Scott M.",FL,FOURTH Congress,1936-05-26,
"Hill, William L.",FL,FOURTH Congress,1936-07-01,
"Gillette, Guy M.",IA,FOURTH Congress,1936-07-01,
"Howard, Guy V.",MN,FOURTH Congress,1936-07-01,
"Pepper, Claude",FL,FOURTH Congress,1936-07-01,
"Bridges, Styles",NH,FIFTH Congress,1937-01-03,
"Ellender, Allen J.",LA,FIFTH Congress,1937-01-03,
"Green, Theodore F.",RI,FIFTH Congress,1937-01-03,
"Hughes, James H.",DE,FIFTH Congress,1937-01-03,
"Johnson, Edwin C.",CO,FIFTH Congress,1937-01-03,
"Lee, Joshua B.",OK,FIFTH Congress,1937-01-03,
"Lodge, Henry Cabot, Jr.",MA,FIFTH Congress,1937-01-03,
"Lundeen, Ernest",MN,FIFTH Congress,1937-01-03,
"Schwartz, Henry H.",WY,FIFTH Congress,1937-01-03,
"Herring, Clyde L.",IA,FIFTH Congress,1937-01-03,
"Smathers, William H.",NJ,FIFTH Congress,1937-04-15,
"Berry, George L.",TN,FIFTH Congress,1937-05-06,
"Graves, Dixie Bibb",AL,FIFTH Congress,1937-08-20,
"Hill, J. Lister",AL,FIFTH Congress,1938-01-11,
"Milton, John",NJ,FIFTH Congress,1938-01-18,
"Reames, Alfred Evan",OR,FIFTH Congress,1938-02-01,
"Barbour, W. Warren",NJ,FIFTH Congress,1938-02-01,
"Pyle, Gladys",SD,FIFTH Congress,1938-02-01,
"Storke, Thomas M.",CA,FIFTH Congress,1938-02-01,
"Mead, James M.",NY,FIFTH Congress,1938-12-03,
"Clark, D. Worth",ID,SIXTH Congress,1939-01-03,
"Danaher, John A.",CT,SIXTH Congress,1939-01-03,
"Downey, Sheridan",CA,SIXTH Congress,1939-01-03,
"Gurney, J. Chandler",SD,SIXTH Congress,1939-01-03,
"Holman, Rufus C.",OR,SIXTH Congress,1939-01-03,
"Lucas, Scott W.",IL,SIXTH Congress,1939-01-03,
"Reed, Clyde M.",KS,SIXTH Congress,1939-01-03,
"Taft, Robert A.",OH,SIXTH Congress,1939-01-03,
"Tobey, Charles W.",NH,SIXTH Congress,1939-01-03,
"Wiley, Alexander",WI,SIXTH Congress,1939-01-03,
"Slattery, James M.",IL,SIXTH Congress,1939-04-14,
"Chandler, Albert B.",KY,SIXTH Congress,1939-10-10,
"Thomas, John",ID,SIXTH Congress,1940-01-27,
"Gibson, Ernest W., Jr.",VT,SIXTH Congress,1940-06-24,
"Ball, Joseph H.",MN,SIXTH Congress,1940-10-14,
"Brewster, Ralph O.",ME,SEVENTH Congress,1941-01-03,
"Burton, Harold H.",OH,SEVENTH Congress,1941-01-03,
"Butler, Hugh A.",NE,SEVENTH Congress,1941-01-03,
"Kilgore, Harley M.",WV,SEVENTH Congress,1941-01-03,
"Langer, William",ND,SEVENTH Congress,1941-01-03,
"McFarland, Ernest W.",AZ,SEVENTH Congress,1941-01-03,
"Murdock, Abe",UT,SEVENTH Congress,1941-01-03,
"Tunnell, James M.",DE,SEVENTH Congress,1941-01-03,
"Willis, Raymond E.",IN,SEVENTH Congress,1941-01-03,
"Aiken, George D.",VT,SEVENTH Congress,1941-01-10,
"Rosier, Joseph",WV,SEVENTH Congress,1941-01-13,
"Spencer, G. Lloyd",AR,SEVENTH Congress,1941-04-01,
"Houston, Andrew Jackson",TX,SEVENTH Congress,1941-04-21,
"Eastland, James O.",MS,SEVENTH Congress,1941-06-30,
"Lumpkin, Alva M.",SC,SEVENTH Congress,1941-07-22,
"O'Daniel, W. Lee",TX,SEVENTH Congress,1941-08-04,
"Peace, Roger C.",SC,SEVENTH Congress,1941-08-05,
"Shott, Hugh I.",WV,SEVENTH Congress,1941-08-05,
"Scrugham, James G.",NV,SEVENTH Congress,1942-12-07,
"Ball, Joseph H.",MN,EIGHTH Congress,1943-01-03,
"Buck, C. Douglass",DE,EIGHTH Congress,1943-01-03,
"Bushfield, Harlan J.",SD,EIGHTH Congress,1943-01-03,
"Eastland, James O.",MS,EIGHTH Congress,1943-01-03,
"Ferguson, Homer",MI,EIGHTH Congress,1943-01-03,
"Hawkes, Albert W.",NJ,EIGHTH Congress,1943-01-03,
"McClellan, John L.",AR,EIGHTH Congress,1943-01-03,
"Moore, Edward H.",OK,EIGHTH Congress,1943-01-03,
"Revercomb, Chapman",WV,EIGHTH Congress,1943-01-03,
"Robertson, Edward V.",WY,EIGHTH Congress,1943-01-03,
"Wherry, Kenneth S.",NE,EIGHTH Congress,1943-01-03,
"Wilson, George A.",IA,EIGHTH Congress,1943-01-14,
"Jackson, Samuel D.",IN,EIGHTH Congress,1944-01-28,
"Weeks, Sinclair",MA,EIGHTH Congress,1944-02-08,
"Cordon, Guy",OR,EIGHTH Congress,1944-03-04,
"Smith, H. Alexander",NJ,EIGHTH Congress,1944-12-07,
"Capehart, Homer E.",IN,NINTH Congress,1945-01-03,
"Hickenlooper, Bourke B.",IA,NINTH Congress,1945-01-03,
"Hoey, Clyde R.",NC,NINTH Congress,1945-01-03,
"Johnston, Olin D.",SC,NINTH Congress,1945-01-03,
"McMahon, Brien",CT,NINTH Congress,1945-01-03,
"Morse, Wayne L.",OR,NINTH Congress,1945-01-03,
"Moses, John",ND,NINTH Congress,1945-01-03,
"Myers, Francis J.",PA,NINTH Congress,1945-01-03,
"Taylor, Glen H.",ID,NINTH Congress,1945-01-03,
"Saltonstall, Leverett",MA,NINTH Congress,1945-01-04,
"Donnell, Forrest C.",MO,NINTH Congress,1945-01-10,
"Mitchell, Hugh B.",WA,NINTH Congress,1945-01-10,
"Briggs, Frank P.",MO,NINTH Congress,1945-01-18,
"Hart, Thomas C.",CT,NINTH Congress,1945-02-15,
"Young, Milton R.",ND,NINTH Congress,1945-03-12,
"Carville, Edward P.",NV,NINTH Congress,1945-07-25,
"Knowland, William F.",CA,NINTH Congress,1945-08-26,
"Huffman, James W.",OH,NINTH Congress,1945-10-08,
"Burch, Thomas G.",VA,NINTH Congress,1946-05-31,
"Swift, George R.",AL,NINTH Congress,1946-06-15,
"Dworshak, Henry C.",ID,NINTH Congress,1946-06-15,
"Robertson, A. Willis",VA,NINTH Congress,1946-06-15,
"Sparkman, John J.",AL,NINTH Congress,1946-06-15,
"Taft, Kingsley A.",OH,NINTH Congress,1946-06-15,
"Bricker, John W.",OH,EIGHTIETH Congress,1947-01-03,
"Ecton, Zales N.",MT,EIGHTIETH Congress,1947-01-03,
"Ives, Irving M.",NY,EIGHTIETH Congress,1947-01-03,
"Jenner, William E.",IN,EIGHTIETH Congress,1947-01-03,
"Kem, James P.",MO,EIGHTIETH Congress,1947-01-03,
"Lodge, Henry Cabot, Jr.",MA,EIGHTIETH Congress,1947-01-03,
"Malone, George W.",NV,EIGHTIETH Congress,1947-01-03,
"Martin, Edward",PA,EIGHTIETH Congress,1947-01-03,
"McCarthy, Joseph R.",WI,EIGHTIETH Congress,1947-01-03,
"McGrath, J. Howard",RI,EIGHTIETH Congress,1947-01-03,
"O'Conor, Herbert R.",MD,EIGHTIETH Congress,1947-01-03,
"Thye, Edward J.",MN,EIGHTIETH Congress,1947-01-03,
"Watkins, Arthur V.",UT,EIGHTIETH Congress,1947-01-03,
"Williams, John J.",DE,EIGHTIETH Congress,1947-01-03,
"Feazel, William C.",LA,EIGHTIETH Congress,1948-05-18,
"Bushfield, Vera C.",SD,EIGHTIETH Congress,1948-10-06,
"Long, Russell B.",LA,EIGHTIETH Congress,1948-10-06,
"Mundt, Karl E.",SD,EIGHTIETH Congress,1948-10-06,
"Anderson, Clinton P.",NM,FIRST Congress,1949-01-03,
"Chapman, Virgil M.",KY,FIRST Congress,1949-01-03,
"Douglas, Paul H.",IL,FIRST Congress,1949-01-03,
"Frear, J. Allan, Jr.",DE,FIRST Congress,1949-01-03,
"Gillette, Guy M.",IA,FIRST Congress,1949-01-03,
"Hendrickson, Robert C.",NJ,FIRST Congress,1949-01-03,
"Humphrey, Hubert H.",MN,FIRST Congress,1949-01-03,
"Hunt, Lester C.",WY,FIRST Congress,1949-01-03,
"Johnson, Lyndon B.",TX,FIRST Congress,1949-01-03,
"Kefauver, Estes",TN,FIRST Congress,1949-01-03,
"Kerr, Robert S.",OK,FIRST Congress,1949-01-03,
"Miller, Bert H.",ID,FIRST Congress,1949-01-03,
"Neely, Mathew M.",WV,FIRST Congress,1949-01-03,
"Schoeppel, Andrew F.",KS,FIRST Congress,1949-01-03,
"Smith, Margaret Chase",ME,FIRST Congress,1949-01-03,
"Withers, Garrett L.",KY,FIRST Congress,1949-01-20,
"Graham, Frank P.",NC,FIRST Congress,1949-03-29,
"Dulles, John Foster",NY,FIRST Congress,1949-07-07,
"Leahy, Edward L.",RI,FIRST Congress,1949-08-24,
"Dworshak, Henry C.",ID,FIRST Congress,1949-10-14,
"Darby, Harry",KS,FIRST Congress,1949-12-02,
"Smith, Willis",NC,FIRST Congress,1949-12-02,
"Carlson, Frank",KS,FIRST Congress,1949-12-02,
"Nixon, Richard M.",CA,FIRST Congress,1950-12-01,
"Bennett, Wallace F.",UT,SECOND Congress,1951-01-03,
"Butler, John M.",MD,SECOND Congress,1951-01-03,
"Case, Francis",SD,SECOND Congress,1951-01-03,
"Dirksen, Everett M.",IL,SECOND Congress,1951-01-03,
"Hennings, Thomas C., Jr.",MO,SECOND Congress,1951-01-03,
"Monroney, A.S. Mike",OK,SECOND Congress,1951-01-03,
"Smathers, George A.",FL,SECOND Congress,1951-01-03,
"Welker, Herman",ID,SECOND Congress,1951-01-03,
"Duff, James H.",PA,SECOND Congress,1951-01-16,
"Underwood, Thomas R.",KY,SECOND Congress,1951-03-19,
"Moody, Blair",MI,SECOND Congress,1951-04-23,
"Purtell, William A.",CT,SECOND Congress,1952-08-29,
"Cooper, John Sherman",KY,SECOND Congress,1952-08-29,
"Griswold, Dwight",NE,SECOND Congress,1952-08-29,
"Potter, Charles E.",MI,SECOND Congress,1952-08-29,
"Kuchel, Thomas H.",CA,SECOND Congress,1953-01-02,
"Barrett, Frank A.",WY,THIRD Congress,1953-01-03,
"Beall, J. Glenn",MD,THIRD Congress,1953-01-03,
"Daniel, M. Price",TX,THIRD Congress,1953-01-03,
"Goldwater, Barry",AZ,THIRD Congress,1953-01-03,
"Gore, Albert",TN,THIRD Congress,1953-01-03,
"Jackson, Henry M.",WA,THIRD Congress,1953-01-03,
"Kennedy, John F.",MA,THIRD Congress,1953-01-03,
"Mansfield, Mike",MT,THIRD Congress,1953-01-03,
"Payne, Frederick G.",ME,THIRD Congress,1953-01-03,
"Purtell, William A.",CT,THIRD Congress,1953-01-03,
"Symington, Stuart",MO,THIRD Congress,1953-01-03,
"Lennon, Alton A.",NC,THIRD Congress,1953-07-10,
"Upton, Robert W.",NH,THIRD Congress,1953-08-14,
"Bowring, Eva",NE,THIRD Congress,1954-04-16,
"Ervin, Samuel J., Jr.",NC,THIRD Congress,1954-06-05,
"Crippa, Edward D.",WY,THIRD Congress,1954-06-24,
"Reynolds, Samuel W.",NE,THIRD Congress,1954-07-03,
"Brown, Ernest S.",NV,THIRD Congress,1954-10-01,
"Cotton, Norris",NH,THIRD Congress,1954-10-01,
"Hruska, Roman L.",NE,THIRD Congress,1954-10-01,
"Scott, W. Kerr",NC,THIRD Congress,1954-10-01,
"Bible, Alan",NV,THIRD Congress,1954-12-02,
"Curtis, Carl T.",NE,THIRD Congress,1955-01-01,
"Allott, Gordon",CO,FOURTH Congress,1955-01-03,
"Barkley, Alben W.",KY,FOURTH Congress,1955-01-03,
"Case, Clifford P.",NJ,FOURTH Congress,1955-01-03,
"Martin, Thomas E.",IA,FOURTH Congress,1955-01-03,
"Neuberger, Richard L.",OR,FOURTH Congress,1955-01-03,
"Laird, William R., III",WV,FOURTH Congress,1956-03-13,
"Wofford, Thomas A.",SC,FOURTH Congress,1956-04-05,
"Humphreys, Robert",KY,FOURTH Congress,1956-06-21,
"Revercomb, Chapman",WV,FOURTH Congress,1956-06-21,
"Thurmond, Strom",SC,FOURTH Congress,1956-06-21,
"Carroll, John A.",CO,FIFTH Congress,1957-01-03,
"Church, Frank",ID,FIFTH Congress,1957-01-03,
"Clark, Joseph S.",PA,FIFTH Congress,1957-01-03,
"Lausche, Frank J.",OH,FIFTH Congress,1957-01-03,
"Morton, Thruston B.",KY,FIFTH Congress,1957-01-03,
"Talmadge, Herman E.",GA,FIFTH Congress,1957-01-03,
"Javits, Jacob K.",NY,FIFTH Congress,1957-01-09,
"Blakley, William A.",TX,FIFTH Congress,1957-01-15,
"Yarborough, Ralph W.",TX,FIFTH Congress,1957-04-29,
"Proxmire, William",WI,FIFTH Congress,1957-08-28,
"Hoblitzell, John D., Jr.",WV,FIFTH Congress,1958-01-25,
"Jordan, B. Everett",NC,FIFTH Congress,1958-04-19,
"Bartlett, Edward L.",AK,SIXTH Congress,1959-01-03,
"Byrd, Robert C.",WV,SIXTH Congress,1959-01-03,
"Cannon, Howard W.",NV,SIXTH Congress,1959-01-03,
"Dodd, Thomas J.",CT,SIXTH Congress,1959-01-03,
"Engle, Clair",CA,SIXTH Congress,1959-01-03,
"Gruening, Ernest",AK,SIXTH Congress,1959-01-03,
"Hart, Philip A.",MI,SIXTH Congress,1959-01-03,
"Hartke, Vance",IN,SIXTH Congress,1959-01-03,
"Keating, Kenneth B.",NY,SIXTH Congress,1959-01-03,
"McCarthy, Eugene J.",MN,SIXTH Congress,1959-01-03,
"McGee, Gale W.",WY,SIXTH Congress,1959-01-03,
"Moss, Frank E.",UT,SIXTH Congress,1959-01-03,
"Muskie, Edmund S.",ME,SIXTH Congress,1959-01-03,
"Prouty, Winston L.",VT,SIXTH Congress,1959-01-03,
"Scott, Hugh D.",PA,SIXTH Congress,1959-01-03,
"Williams, Harrison A., Jr.",NJ,SIXTH Congress,1959-01-03,
"Young, Stephen M.",OH,SIXTH Congress,1959-01-03,
"Long, Oren E.",HI,SIXTH Congress,1959-08-21,
"Fong, Hiram L.",HI,SIXTH Congress,1959-08-21,
"Lusk, Hall S.",OR,SIXTH Congress,1960-03-16,
"Burdick, Quentin N.",ND,SIXTH Congress,1960-08-08,
"Blakley, William A.",TX,SEVENTH Congress,1961-01-03,
"Boggs, J. Caleb",DE,SEVENTH Congress,1961-01-03,
"Hickey, J. J.",WY,SEVENTH Congress,1961-01-03,
"Metcalf, Lee",MT,SEVENTH Congress,1961-01-03,
"Miller, Jack",IA,SEVENTH Congress,1961-01-03,
"Pell, Claiborne",RI,SEVENTH Congress,1961-01-03,
"Tower, John G.",TX,SEVENTH Congress,1961-06-15,
"Murphy, Maurice J., Jr.",NH,SEVENTH Congress,1961-12-07,
"Pearson, James B.",KS,SEVENTH Congress,1962-01-31,
"Bottum, Joe H.",SD,SEVENTH Congress,1962-07-09,
"Jordan, Leonard B.",ID,SEVENTH Congress,1962-08-06,
"McIntyre, Thomas J.",NH,SEVENTH Congress,1962-08-06,
"Simpson, Milward L.",WY,SEVENTH Congress,1962-08-06,
"Bayh, Birch",IN,EIGHTH Congress,1963-01-03,
"Brewster, Daniel B.",MD,EIGHTH Congress,1963-01-03,
"Dominick, Peter H.",CO,EIGHTH Congress,1963-01-03,
"Inouye, Daniel K.",HI,EIGHTH Congress,1963-01-03,
"McGovern, George",SD,EIGHTH Congress,1963-01-03,
"Ribicoff, Abraham A.",CT,EIGHTH Congress,1963-01-03,
"Edmondson, J. Howard",OK,EIGHTH Congress,1963-01-07,
"Nelson, Gaylord",WI,EIGHTH Congress,1963-01-08,
"Walters, Herbert S.",TN,EIGHTH Congress,1963-08-20,
"Salinger, Pierre",CA,EIGHTH Congress,1964-08-04,
"Harris, Fred R.",OK,EIGHTH Congress,1964-08-04,
"Montoya, Joseph M.",NM,EIGHTH Congress,1964-08-04,
"Murphy, George",CA,EIGHTH Congress,1965-01-01,
"Fannin, Paul J.",AZ,NINTH Congress,1965-01-03,
"Kennedy, Robert F.",NY,NINTH Congress,1965-01-03,
"Tydings, Joseph D.",MD,NINTH Congress,1965-01-03,
"Russell, Donald",SC,NINTH Congress,1965-04-22,
"Griffin, Robert",MI,NINTH Congress,1966-05-11,
"Baker, Howard H., Jr.",TN,NINETIETH Congress,1967-01-03,
"Brooke, Edward W.",MA,NINETIETH Congress,1967-01-03,
"Hansen, Clifford P.",WY,NINETIETH Congress,1967-01-03,
"Percy, Charles H.",IL,NINETIETH Congress,1967-01-03,
"Hatfield, Mark O.",OR,NINETIETH Congress,1967-01-10,
"Allen, James B.",AL,FIRST Congress,1969-01-03,
"Bellmon, Henry L.",OK,FIRST Congress,1969-01-03,
"Cranston, Alan",CA,FIRST Congress,1969-01-03,
"Dole, Robert",KS,FIRST Congress,1969-01-03,
"Goldwater, Barry M.",AZ,FIRST Congress,1969-01-03,
"Gravel, Mike",AK,FIRST Congress,1969-01-03,
"Gurney, Edward J.",FL,FIRST Congress,1969-01-03,
"Hughes, Harold E.",IA,FIRST Congress,1969-01-03,
"Mathias, Charles McC., Jr.",MD,FIRST Congress,1969-01-03,
"Packwood, Robert W.",OR,FIRST Congress,1969-01-03,
"Saxbe, William B.",OH,FIRST Congress,1969-01-03,
"Schweiker, Richard S.",PA,FIRST Congress,1969-01-03,
"Roth, William V., Jr.",DE,FIRST Congress,1971-01-01,
"Tunney, John V.",CA,FIRST Congress,1971-01-02,
"Beall, J. Glenn, Jr.",MD,SECOND Congress,1971-01-03,
"Bentsen, Lloyd M.",TX,SECOND Congress,1971-01-03,
"Brock, William E., III",TN,SECOND Congress,1971-01-03,
"Buckley, James L.",NY,SECOND Congress,1971-01-03,
"Chiles, Lawton M., Jr.",FL,SECOND Congress,1971-01-03,
"Humphrey, Hubert H.",MN,SECOND Congress,1971-01-03,
"Taft, Robert, Jr.",OH,SECOND Congress,1971-01-03,
"Weicker, Lowell P., Jr.",CT,SECOND Congress,1971-01-03,
"Gambrell, David H.",GA,SECOND Congress,1971-02-01,
"Edwards, Elaine S.",LA,SECOND Congress,1972-08-01,
"Abourezk, James",SD,THIRD Congress,1973-01-03,
"Bartlett, Dewey F.",OK,THIRD Congress,1973-01-03,
"Biden, Joseph R., Jr.",DE,THIRD Congress,1973-01-03,
"Clark, Dick",IA,THIRD Congress,1973-01-03,
"Domenici, Pete V.",NM,THIRD Congress,1973-01-03,
"Haskell, Floyd K.",CO,THIRD Congress,1973-01-03,
"Hathaway, William D.",ME,THIRD Congress,1973-01-03,
"Helms, Jesse",NC,THIRD Congress,1973-01-03,
"Huddleston, Walter",KY,THIRD Congress,1973-01-03,
"McClure, James A.",ID,THIRD Congress,1973-01-03,
"Scott, William L.",VA,THIRD Congress,1973-01-03,
"Metzenbaum, Howard M.",OH,THIRD Congress,1974-01-04,
"Stone, Richard",FL,THIRD Congress,1975-01-01,
"Bumpers, Dale",AR,FOURTH Congress,1975-01-03,
"Culver, John C.",IA,FOURTH Congress,1975-01-03,
"Hart, Gary",CO,FOURTH Congress,1975-01-03,
"Leahy, Patrick",VT,FOURTH Congress,1975-01-03,
"Morgan, Robert",NC,FOURTH Congress,1975-01-03,
"Cotton, Norris",NH,FOURTH Congress,1975-08-08,
"Metzenbaum, Howard",OH,FOURTH Congress,1975-08-08,
"Riegle, Donald W., Jr.",MI,FOURTH Congress,1975-08-08,
"Hayakawa, S. I.",CA,FOURTH Congress,1977-01-02,
"DeConcini, Dennis",AZ,FIFTH Congress,1977-01-03,
"Hatch, Orrin G.",UT,FIFTH Congress,1977-01-03,
"Heinz, H. John, III",PA,FIFTH Congress,1977-01-03,
"Lugar, Richard G.",IN,FIFTH Congress,1977-01-03,
"Matsunaga, Spark M.",HI,FIFTH Congress,1977-01-03,
"Melcher, John",MT,FIFTH Congress,1977-01-03,
"Moynihan, Daniel P.",NY,FIFTH Congress,1977-01-03,
"Sarbanes, Paul S.",MD,FIFTH Congress,1977-01-03,
"Sasser, James R.",TN,FIFTH Congress,1977-01-03,
"Schmitt, Harrison H.",NM,FIFTH Congress,1977-01-03,
"Wallop, Malcolm",WY,FIFTH Congress,1977-01-03,
"Hatfield, Paul G.",MT,FIFTH Congress,1978-01-22,
"Humphrey, Muriel",MN,FIFTH Congress,1978-01-25,
"Allen, Maryon",AL,FIFTH Congress,1978-06-08,
"Durenberger, David F.",MN,FIFTH Congress,1978-06-08,
"Simpson, Alan K.",WY,FIFTH Congress,1979-01-01,
"Warner, John W.",VA,FIFTH Congress,1979-01-02,
"Armstrong, William L.",CO,SIXTH Congress,1979-01-03,
"Boren, David L.",OK,SIXTH Congress,1979-01-03,
"Bradley, Bill",NJ,SIXTH Congress,1979-01-03,
"Cohen, William S.",ME,SIXTH Congress,1979-01-03,
"Exon, J. James",NE,SIXTH Congress,1979-01-03,
"Heflin, Howell T.",AL,SIXTH Congress,1979-01-03,
"Humphrey, Gordon J.",NH,SIXTH Congress,1979-01-03,
"Jepsen, Roger W.",IA,SIXTH Congress,1979-01-03,
"Levin, Carl M.",MI,SIXTH Congress,1979-01-03,
"Pressler, Larry",SD,SIXTH Congress,1979-01-03,
"Pryor, David H.",AR,SIXTH Congress,1979-01-03,
"Tsongas, Paul E.",MA,SIXTH Congress,1979-01-03,
"Mitchell, George J.",ME,SIXTH Congress,1980-05-17,
"Hawkins, Paula",FL,SIXTH Congress,1981-01-01,
"Denton, Jeremiah A.",AL,SIXTH Congress,1981-01-02,
"Abdnor, James",SD,SEVENTH Congress,1981-01-03,
"Andrews, Mark",ND,SEVENTH Congress,1981-01-03,
"D'Amato, Alfonse M.",NY,SEVENTH Congress,1981-01-03,
"Dixon, Alan J.",IL,SEVENTH Congress,1981-01-03,
"Dodd, Christopher J.",CT,SEVENTH Congress,1981-01-03,
"East, John P.",NC,SEVENTH Congress,1981-01-03,
"Gorton, Slade",WA,SEVENTH Congress,1981-01-03,
"Grassley, Charles E.",IA,SEVENTH Congress,1981-01-03,
"Kasten, Robert W., Jr.",WI,SEVENTH Congress,1981-01-03,
"Mattingly, Mack F.",GA,SEVENTH Congress,1981-01-03,
"Murkowski, Frank H.",AK,SEVENTH Congress,1981-01-03,
"Nickles, Don",OK,SEVENTH Congress,1981-01-03,
"Quayle, J. Danforth",IN,SEVENTH Congress,1981-01-03,
"Specter, Arlen",PA,SEVENTH Congress,1981-01-03,
"Symms, Steven D.",ID,SEVENTH Congress,1981-01-03,
"Brady, Nicholas F.",NJ,SEVENTH Congress,1982-04-12,
"Bingaman, Jeff",NM,EIGHTH Congress,1983-01-03,
"Hecht, Chic",NV,EIGHTH Congress,1983-01-03,
"Trible, Paul S., Jr.",VA,EIGHTH Congress,1983-01-03,
"Wilson, Pete",CA,EIGHTH Congress,1983-01-03,
"Kerry, John F.",MA,EIGHTH Congress,1985-01-02,
"Gore, Albert, Jr.",TN,NINTH Congress,1985-01-03,
"Gramm, Phil",TX,NINTH Congress,1985-01-03,
"Harkin, Tom",IA,NINTH Congress,1985-01-03,
"McConnell, Mitch",KY,NINTH Congress,1985-01-03,
"Simon, Paul",IL,NINTH Congress,1985-01-03,
"Broyhill, James T.",NC,NINTH Congress,1986-07-14,
"Adams, Brock",WA,HUNDREDTH Congress,1987-01-03,
"Breaux, John",LA,HUNDREDTH Congress,1987-01-03,
"Conrad, Kent",ND,HUNDREDTH Congress,1987-01-03,
"Bond, Kit",MO,HUNDREDTH Congress,1987-01-03,
"Daschle, Tom",SD,HUNDREDTH Congress,1987-01-03,
"Fowler, Wyche",GA,HUNDREDTH Congress,1987-01-03,
"Graham, Bob",FL,HUNDREDTH Congress,1987-01-03,
"McCain, John",AZ,HUNDREDTH Congress,1987-01-03,
"Mikulski, Barbara",MD,HUNDREDTH Congress,1987-01-03,
"Reid, Harry",NV,HUNDREDTH Congress,1987-01-03,
"Shelby, Richard",AL,HUNDREDTH Congress,1987-01-03,
"Wirth, Timothy E.",CO,HUNDREDTH Congress,1987-01-03,
"Karnes, David",NE,HUNDREDTH Congress,1987-03-11,
"Bryan, Richard",NV,101ST Congress,1989-01-03,
"Burns, Conrad",MT,101ST Congress,1989-01-03,
"Coats, Dan",IN,101ST Congress,1989-01-03,
"Gorton, Slade",WA,101ST Congress,1989-01-03,
"Jeffords, Jim",VT,101ST Congress,1989-01-03,
"Kerrey, Bob",NE,101ST Congress,1989-01-03,
"Kohl, Herbert",WI,101ST Congress,1989-01-03,
"Lieberman, Joseph",CT,101ST Congress,1989-01-03,
"Lott, Trent",MS,101ST Congress,1989-01-03,
"Mack, Connie",FL,101ST Congress,1989-01-03,
"Robb, Charles",VA,101ST Congress,1989-01-03,
"Akaka, Daniel",HI,101ST Congress,1990-05-16,
"Smith, Robert C.",NH,101ST Congress,1990-12-07,
"Craig, Larry E.",ID,102ND Congress,1991-01-03,
"Wellstone, Paul",MN,102ND Congress,1991-01-03,
"Seymour, John",CA,102ND Congress,1991-01-07,
"Wofford, Harris",PA,102ND Congress,1991-05-08,
"Mathews, Harlan",TN,102ND Congress,1993-01-02,
"Bennett, Robert",UT,103RD Congress,1993-01-03,
"Boxer, Barbara",CA,103RD Congress,1993-01-03,
"Campbell, Ben Nighthorse",CO,103RD Congress,1993-01-03,
"Coverdell, Paul",GA,103RD Congress,1993-01-03,
"Feingold, Russell",WI,103RD Congress,1993-01-03,
"Gregg, Judd",NH,103RD Congress,1993-01-03,
"Kempthorne, Dirk",ID,103RD Congress,1993-01-03,
"Moseley-Braun, Carol",IL,103RD Congress,1993-01-03,
"Murray, Patty",WA,103RD Congress,1993-01-03,
"Krueger, Robert C.",TX,103RD Congress,1993-01-21,
"Hutchison, Kathryn Ann Bailey",TX,103RD Congress,1993-06-14,
"Thompson, Fred",TN,103RD Congress,1994-12-02,
"Abraham, Spencer",MI,104TH Congress,1995-01-03,
"Ashcroft, John",MO,104TH Congress,1995-01-03,
"DeWine, Mike",OH,104TH Congress,1995-01-03,
"Frist, Bill",TN,104TH Congress,1995-01-03,
"Grams, Rod",MN,104TH Congress,1995-01-03,
"Kyl, Jon",AZ,104TH Congress,1995-01-03,
"Santorum, Rick",PA,104TH Congress,1995-01-03,
"Snowe, Olympia",ME,104TH Congress,1995-01-03,
"Thomas, Craig",WY,104TH Congress,1995-01-03,
"Wyden, Ron",OR,104TH Congress,1996-02-06,
"Frahm, Sheila",KS,104TH Congress,1996-06-11,
"Allard, Wayne",CO,105TH Congress,1997-01-03,
"Cleland, Max",GA,105TH Congress,1997-01-03,
"Collins, Susan",ME,105TH Congress,1997-01-03,
"Durbin, Richard",IL,105TH Congress,1997-01-03,
"Enzi, Michael",WY,105TH Congress,1997-01-03,
"Hagel, Chuck",NE,105TH Congress,1997-01-03,
"Hutchinson, Tim",AR,105TH Congress,1997-01-03,
"Johnson, Tim",SD,105TH Congress,1997-01-03,
"Landrieu, Mary",LA,105TH Congress,1997-01-03,
"Reed, Jack",RI,105TH Congress,1997-01-03,
"Roberts, Pat",KS,105TH Congress,1997-01-03,
"Sessions, Jeff",AL,105TH Congress,1997-01-03,
"Smith, Gordon",OR,105TH Congress,1997-01-03,
"Torricelli, Robert",NJ,105TH Congress,1997-01-03,
"Bayh, Evan",IN,106TH Congress,1999-01-03,
"Bunning, Jim",KY,106TH Congress,1999-01-03,
"Crapo, Mike",ID,106TH Congress,1999-01-03,
"Edwards, John",NC,106TH Congress,1999-01-03,
"Fitzgerald, Peter",IL,106TH Congress,1999-01-03,
"Lincoln, Blanche L.",AR,106TH Congress,1999-01-03,
"Schumer, Charles",NY,106TH Congress,1999-01-03,
"Voinovich, George",OH,106TH Congress,1999-01-03,
"Allen, George",VA,107TH Congress,2001-01-03,
"Cantwell, Maria",WA,107TH Congress,2001-01-03,
"Carper, Tom",DE,107TH Congress,2001-01-03,
"Clinton, Hillary Rodham",NY,107TH Congress,2001-01-03,
"Corzine, Jon",NJ,107TH Congress,2001-01-03,
"Dayton, Mark",MN,107TH Congress,2001-01-03,
"Ensign, John",NV,107TH Congress,2001-01-03,
"Nelson, Ben",NE,107TH Congress,2001-01-03,
"Nelson, Bill",FL,107TH Congress,2001-01-03,
"Stabenow, Debbie",MI,107TH Congress,2001-01-03,
"Alexander, Lamar",TN,108TH Congress,2003-01-03,
"Chambliss, Saxby",GA,108TH Congress,2003-01-03,
"Coleman, Norm",MN,108TH Congress,2003-01-03,
"Dole, Elizabeth",NC,108TH Congress,2003-01-03,
"Graham, Lindsey",SC,108TH Congress,2003-01-03,
"Lautenberg, Frank",NJ,108TH Congress,2003-01-03,
"Pryor, Mark",AR,108TH Congress,2003-01-03,
"Sununu, John",NH,108TH Congress,2003-01-03,
"Burr, Richard",NC,109TH Congress,2005-01-03,
"Coburn, Tom",OK,109TH Congress,2005-01-03,
"DeMint, James",SC,109TH Congress,2005-01-03,
"Isakson, Johnny",GA,109TH Congress,2005-01-03,
"Martinez, Mel",FL,109TH Congress,2005-01-03,
"Obama, Barack",IL,109TH Congress,2005-01-03,
"Salazar, Ken",CO,109TH Congress,2005-01-03,
"Thune, John",SD,109TH Congress,2005-01-03,
"Vitter, David",LA,109TH Congress,2005-01-03,
"Brown, Sherrod",OH,110TH Congress,2007-01-03,
"Cardin, Ben",MD,110TH Congress,2007-01-03,
"Casey, Robert",PA,110TH Congress,2007-01-03,
"Corker, Robert",TN,110TH Congress,2007-01-03,
"Klobuchar, Amy",MN,110TH Congress,2007-01-03,
"McCaskill, Claire",MO,110TH Congress,2007-01-03,
"Sanders, Bernie",VT,110TH Congress,2007-01-03,
"Tester, Jon",MT,110TH Congress,2007-01-03,
"Webb, Jim",VA,110TH Congress,2007-01-03,
"Whitehouse, Sheldon",RI,110TH Congress,2007-01-03,
"Begich, Mark",AK,111TH Congress,2009-01-03,
"Hagan, Kay",NC,111TH Congress,2009-01-03,
"Johanns, Mike",NE,111TH Congress,2009-01-03,
"Merkley, Jeff",OR,111TH Congress,2009-01-03,
"Risch, Jim",ID,111TH Congress,2009-01-03,
"Shaheen, Jeanne",NH,111TH Congress,2009-01-03,
"Udall, Mark",CO,111TH Congress,2009-01-03,
"Udall, Tom",NM,111TH Congress,2009-01-03,
"Warner, Mark",VA,111TH Congress,2009-01-03,
"Brown, Scott P.",MA,111TH Congress,2010-02-04,
"Manchin, Joe",WV,111TH Congress,2010-07-16,
"Ayotte, Kelly",NH,112TH Congress,2011-01-03,
"Blumenthal, Richard",CT,112TH Congress,2011-01-03,
"Blunt, Roy",MO,112TH Congress,2011-01-03,
"Boozman, John",AR,112TH Congress,2011-01-03,
"Coats, Daniel",IN,112TH Congress,2011-01-03,
"Hoeven, John",ND,112TH Congress,2011-01-03,
"Johnson, Ron",WI,112TH Congress,2011-01-03,
"Lee, Mike",UT,112TH Congress,2011-01-03,
"Moran, Jerry",KS,112TH Congress,2011-01-03,
"Paul, Rand",KY,112TH Congress,2011-01-03,
"Portman, Rob",OH,112TH Congress,2011-01-03,
"Rubio, Marco",FL,112TH Congress,2011-01-03,
"Toomey, Pat",PA,112TH Congress,2011-01-03,
"Baldwin, Tammy",WI,113TH Congress,2013-01-03,
"Cruz, Ted",TX,113TH Congress,2013-01-03,
"Donnelly, Joe",IN,113TH Congress,2013-01-03,
"Fischer, Deb",NE,113TH Congress,2013-01-03,
"Flake, Jeff",AZ,113TH Congress,2013-01-03,
"Heitkamp, Heidi",ND,113TH Congress,2013-01-03,
"Heinrich, Martin",NM,113TH Congress,2013-01-03,
"Hirono, Mazie",HI,113TH Congress,2013-01-03,
"Kaine, Tim",VA,113TH Congress,2013-01-03,
"King, Angus",ME,113TH Congress,2013-01-03,
"Murphy, Chris",CT,113TH Congress,2013-01-03,
"Warren, Elizabeth",MA,113TH Congress,2013-01-03,
"Markey, Edward J.",MA,113TH Congress,2013-07-16,
"Booker, Cory",NJ,113TH Congress,2013-10-31,
"Capito, Shelley Moore",WV,114TH Congress,2015-01-03,
"Cassidy, Bill",LA,114TH Congress,2015-01-03,
"Cotton, Tom",AR,114TH Congress,2015-01-03,
"Daines, Steve",MT,114TH Congress,2015-01-03,
"Ernst, Joni",IA,114TH Congress,2015-01-03,
"Gardner, Cory",CO,114TH Congress,2015-01-03,
"Lankford, James",OK,114TH Congress,2015-01-03,
"Perdue, David",GA,114TH Congress,2015-01-03,
"Peters, Gary",MI,114TH Congress,2015-01-03,
"Rounds, Mike",SD,114TH Congress,2015-01-03,
"Sasse, Ben",NE,114TH Congress,2015-01-03,
"Sullivan, Dan",AK,114TH Congress,2015-01-03,
"Tillis, Thom",NC,114TH Congress,2015-01-03,
"Cortez Masto, Catherine",NV,115TH Congress,2017-01-03,
"Duckworth, Tammy",IL,115TH Congress,2017-01-03,
"Hassan, Maggie",NH,115TH Congress,2017-01-03,
"Harris, Kamala",CA,115TH Congress,2017-01-03,
"Kennedy, John",LA,115TH Congress,2017-01-03,
"Van Hollen, Chris",MD,115TH Congress,2017-01-03,
"Young, Todd",IN,115TH Congress,2017-01-03,
"Strange, Luther",AL,115TH Congress,2017-02-09,
"Jones, Doug",AL,115TH Congress,2018-01-03,
"Blackburn, Marsha",TN,116TH Congress,2019-01-03,
"Braun, Mike",IN,116TH Congress,2019-01-03,
"Cramer, Kevin",ND,116TH Congress,2019-01-03,
"Hawley, Josh",MO,116TH Congress,2019-01-03,
"Romney, Mitt",UT,116TH Congress,2019-01-03,
"Rosen, Jacky",NV,116TH Congress,2019-01-03,
"Sinema, Kyrsten",AZ,116TH Congress,2019-01-03,
"Loeffler, Kelly",GA,116TH Congress,2019-01-06,
"Kelly, Mark E.",AZ,116TH Congress,2019-12-02,
"Hickenlooper, John W., Jr.",CO,117TH Congress,2019-01-03,
"Lummis, Cynthia M.",WY,117TH Congress,2019-01-03,
"Marshall, Roger W.",KS,117TH Congress,2019-01-03,
"Ossoff, Jon",GA,117TH Congress,2019-01-20,
"Warnock, Raphael G.",GA,117TH Congress,2019-01-20,
"Britt, Katie",AL,118TH Congress,2019-01-03,
"Budd, Ted",NC,118TH Congress,2019-01-03,
"Fetterman, John",PA,118TH Congress,2019-01-03,
"Mullin, Markwayne",OK,118TH Congress,2019-01-03,
"Schmitt, Eric",MO,118TH Congress,2019-01-03,
"Vance, James D.",OH,118TH Congress,2019-01-03,
"Welch, Peter",VT,118TH Congress,2019-01-03,
"Butler, Laphonza",CA,118TH Congress,2019-10-01,
"Helmy, George",NJ,118TH Congress,2019-08-23,
"Kim, Andy",NJ,118TH Congress,2019-12-08,
"Schiff, Adam B.",CA,118TH Congress,2019-12-08,
"Alsobrooks, Angela",MD,119TH Congress,2019-01-03,
"Banks, James E.",IN,119TH Congress,2019-01-03,
"Blunt Rochester, Lisa",DE,119TH Congress,2019-01-03,
"Curtis, John R.",UT,119TH Congress,2019-01-03,
"Gallego, Ruben",AZ,119TH Congress,2019-01-03,
"McCormick, David",PA,119TH Congress,2019-01-03,
"Moreno, Bernie",OH,119TH Congress,2019-01-03,
"Sheehy, Tim",MT,119TH Congress,2019-01-03,
"Slotkin, Elissa",MI,119TH Congress,2019-01-03,
"Justice, James",WV,119TH Congress,2019-01-14,
"Husted, Jon A.",OH,119TH Congress,2019-01-18,
"Moody, Ashley B.",FL,119TH Congress,2019-01-21,
